locality_name;district_name;province_name
Lezama;Lezama;Provincia de Buenos Aires
Carhué;Adolfo Alsina;Provincia de Buenos Aires
Colonia San Miguel Arcángel;Adolfo Alsina;Provincia de Buenos Aires
Delfín Huergo;Adolfo Alsina;Provincia de Buenos Aires
Espartillar;Adolfo Alsina;Provincia de Buenos Aires
Esteban Agustín Gascón;Adolfo Alsina;Provincia de Buenos Aires
La Pala;Adolfo Alsina;Provincia de Buenos Aires
Maza;Adolfo Alsina;Provincia de Buenos Aires
Rivera;Adolfo Alsina;Provincia de Buenos Aires
Thames;Adolfo Alsina;Provincia de Buenos Aires
Villa Margarita;Adolfo Alsina;Provincia de Buenos Aires
Yutuyaco;Adolfo Alsina;Provincia de Buenos Aires
Adolfo Gonzales Chaves (Est. Chaves);Adolfo Gonzales Chaves;Provincia de Buenos Aires
De La Garma;Adolfo Gonzales Chaves;Provincia de Buenos Aires
Juan E. Barra;Adolfo Gonzales Chaves;Provincia de Buenos Aires
Vásquez;Adolfo Gonzales Chaves;Provincia de Buenos Aires
Alberti (Est. Andrés Vaccarezza);Alberti;Provincia de Buenos Aires
Coronel Seguí;Alberti;Provincia de Buenos Aires
Mechita;Alberti;Provincia de Buenos Aires
Pla;Alberti;Provincia de Buenos Aires
Villa Grisolía (Est. Achupallas);Alberti;Provincia de Buenos Aires
Villa María;Alberti;Provincia de Buenos Aires
Villa Ortiz (Est. Coronel Mom);Alberti;Provincia de Buenos Aires
Almirante Brown;Almirante Brown;Provincia de Buenos Aires
Avellaneda;Avellaneda;Provincia de Buenos Aires
Ayacucho;Ayacucho;Provincia de Buenos Aires
La Constancia;Ayacucho;Provincia de Buenos Aires
Solanet;Ayacucho;Provincia de Buenos Aires
Udaquiola;Ayacucho;Provincia de Buenos Aires
Ariel;Azul;Provincia de Buenos Aires
Azul;Azul;Provincia de Buenos Aires
Cacharí;Azul;Provincia de Buenos Aires
Chillar;Azul;Provincia de Buenos Aires
"16 de Julio";Azul;Provincia de Buenos Aires
Bahía Blanca;Bahía Blanca;Provincia de Buenos Aires
Cabildo;Bahía Blanca;Provincia de Buenos Aires
General Daniel Cerri (Est. General Cerri);Bahía Blanca;Provincia de Buenos Aires
Balcarce;Balcarce;Provincia de Buenos Aires
Los Pinos;Balcarce;Provincia de Buenos Aires
Napaleofú ;Balcarce;Provincia de Buenos Aires
Ramos Otero;Balcarce;Provincia de Buenos Aires
San Agustín;Balcarce;Provincia de Buenos Aires
Villa Laguna La Brava;Balcarce;Provincia de Buenos Aires
Baradero;Baradero;Provincia de Buenos Aires
Irineo Portela;Baradero;Provincia de Buenos Aires
Santa Coloma;Baradero;Provincia de Buenos Aires
Villa Alsina (Est. Alsina);Baradero;Provincia de Buenos Aires
Arrecifes;Arrecifes;Provincia de Buenos Aires
Todd;Arrecifes;Provincia de Buenos Aires
Viña;Arrecifes;Provincia de Buenos Aires
Barker;Benito Juárez;Provincia de Buenos Aires
Benito Juárez (Est. Juárez);Benito Juárez;Provincia de Buenos Aires
López;Benito Juárez;Provincia de Buenos Aires
Tedín Uriburu;Benito Juárez;Provincia de Buenos Aires
Villa Cacique (Est. Alfredo Fortabat);Benito Juárez;Provincia de Buenos Aires
Berazategui;Berazategui;Provincia de Buenos Aires
Berisso;Berisso;Provincia de Buenos Aires
Hale;Bolívar;Provincia de Buenos Aires
Juan F. Ibarra;Bolívar;Provincia de Buenos Aires
Mariano Unzué;Bolívar;Provincia de Buenos Aires
Paula;Bolívar;Provincia de Buenos Aires
Pirovano;Bolívar;Provincia de Buenos Aires
San Carlos de Bolívar (Est. Bolívar);Bolívar;Provincia de Buenos Aires
Urdampilleta;Bolívar;Provincia de Buenos Aires
Villa Lynch Pueyrredón;Bolívar;Provincia de Buenos Aires
Bragado;Bragado;Provincia de Buenos Aires
Comodoro Py;Bragado;Provincia de Buenos Aires
General O Brien;Bragado;Provincia de Buenos Aires
Irala;Bragado;Provincia de Buenos Aires
La Limpia;Bragado;Provincia de Buenos Aires
Máximo Fernández (Est. Juan F. Salaberry) ;Bragado;Provincia de Buenos Aires
Mechita (Est. Mecha);Bragado;Provincia de Buenos Aires
Olascoaga;Bragado;Provincia de Buenos Aires
Warnes;Bragado;Provincia de Buenos Aires
Altamirano;Brandsen;Provincia de Buenos Aires
Barrio Las Golondrinas;Brandsen;Provincia de Buenos Aires
Barrio Los Bosquecitos;Brandsen;Provincia de Buenos Aires
Barrio Parque Las Acacias;Brandsen;Provincia de Buenos Aires
Coronel Brandsen;Brandsen;Provincia de Buenos Aires
Gómez;Brandsen;Provincia de Buenos Aires
Jeppener;Brandsen;Provincia de Buenos Aires
Oliden;Brandsen;Provincia de Buenos Aires
Samborombón;Brandsen;Provincia de Buenos Aires
Alto Los Cardales;Campana;Provincia de Buenos Aires
Barrio Los Pioneros;Campana;Provincia de Buenos Aires
Campana;Campana;Provincia de Buenos Aires
Lomas del Río Luján (Est. Río Luján);Campana;Provincia de Buenos Aires
Alejandro Petión ;Cañuelas;Provincia de Buenos Aires
Barrio El Taladro;Cañuelas;Provincia de Buenos Aires
Cañuelas;Cañuelas;Provincia de Buenos Aires
Gobernador Udaondo;Cañuelas;Provincia de Buenos Aires
Máximo Paz;Cañuelas;Provincia de Buenos Aires
Santa Rosa;Cañuelas;Provincia de Buenos Aires
Uribelarrea;Cañuelas;Provincia de Buenos Aires
Vicente Casares ;Cañuelas;Provincia de Buenos Aires
Capitán Sarmiento;Capitán Sarmiento;Provincia de Buenos Aires
La Luisa;Capitán Sarmiento;Provincia de Buenos Aires
Bellocq;Carlos Casares;Provincia de Buenos Aires
Cadret;Carlos Casares;Provincia de Buenos Aires
Carlos Casares;Carlos Casares;Provincia de Buenos Aires
Colonia Mauricio;Carlos Casares;Provincia de Buenos Aires
Hortensia;Carlos Casares;Provincia de Buenos Aires
La Sofía;Carlos Casares;Provincia de Buenos Aires
Mauricio Hirsch;Carlos Casares;Provincia de Buenos Aires
Moctezuma;Carlos Casares;Provincia de Buenos Aires
Ordoqui;Carlos Casares;Provincia de Buenos Aires
Smith;Carlos Casares;Provincia de Buenos Aires
Carlos Tejedor;Carlos Tejedor;Provincia de Buenos Aires
Colonia Seré;Carlos Tejedor;Provincia de Buenos Aires
Curarú;Carlos Tejedor;Provincia de Buenos Aires
Timote;Carlos Tejedor;Provincia de Buenos Aires
Tres Algarrobos (Est. Cuenca);Carlos Tejedor;Provincia de Buenos Aires
Carmen de Areco;Carmen de Areco;Provincia de Buenos Aires
Pueblo Gouin;Carmen de Areco;Provincia de Buenos Aires
Tres Sargentos;Carmen de Areco;Provincia de Buenos Aires
Castelli;Castelli;Provincia de Buenos Aires
Centro Guerrero;Castelli;Provincia de Buenos Aires
Colón;Colón;Provincia de Buenos Aires
El Arbolito;Colón;Provincia de Buenos Aires
Pearson;Colón;Provincia de Buenos Aires
Sarasa;Colón;Provincia de Buenos Aires
Bajo Hondo;Coronel de Marina Leonardo Rosales;Provincia de Buenos Aires
Balneario Pehuen Co;Coronel de Marina Leonardo Rosales;Provincia de Buenos Aires
Punta Alta (Est. Almirante Solier) ;Coronel de Marina Leonardo Rosales;Provincia de Buenos Aires
Villa del Mar;Coronel de Marina Leonardo Rosales;Provincia de Buenos Aires
Villa General Arias (Est. Kilómetro 638);Coronel de Marina Leonardo Rosales;Provincia de Buenos Aires
Aparicio;Coronel Dorrego;Provincia de Buenos Aires
Balneario Marisol;Coronel Dorrego;Provincia de Buenos Aires
Coronel Dorrego;Coronel Dorrego;Provincia de Buenos Aires
El Perdido (Est. José A. Guisasola);Coronel Dorrego;Provincia de Buenos Aires
Faro;Coronel Dorrego;Provincia de Buenos Aires
Irene;Coronel Dorrego;Provincia de Buenos Aires
Oriente;Coronel Dorrego;Provincia de Buenos Aires
San Román;Coronel Dorrego;Provincia de Buenos Aires
Coronel Pringles (Est. Pringles);Coronel Pringles;Provincia de Buenos Aires
El Divisorio;Coronel Pringles;Provincia de Buenos Aires
El Pensamiento;Coronel Pringles;Provincia de Buenos Aires
Indio Rico;Coronel Pringles;Provincia de Buenos Aires
Lartigau;Coronel Pringles;Provincia de Buenos Aires
Cascadas;Coronel Suárez;Provincia de Buenos Aires
Coronel Suárez;Coronel Suárez;Provincia de Buenos Aires
Cura Malal;Coronel Suárez;Provincia de Buenos Aires
D Orbigny;Coronel Suárez;Provincia de Buenos Aires
Huanguelén;Coronel Suárez;Provincia de Buenos Aires
Pasman;Coronel Suárez;Provincia de Buenos Aires
San José;Coronel Suárez;Provincia de Buenos Aires
Santa María;Coronel Suárez;Provincia de Buenos Aires
Santa Trinidad;Coronel Suárez;Provincia de Buenos Aires
Villa La Arcadia;Coronel Suárez;Provincia de Buenos Aires
Castilla;Chacabuco;Provincia de Buenos Aires
Chacabuco;Chacabuco;Provincia de Buenos Aires
Los Angeles;Chacabuco;Provincia de Buenos Aires
O Higgins;Chacabuco;Provincia de Buenos Aires
Rawson;Chacabuco;Provincia de Buenos Aires
Chascomús;Chascomús;Provincia de Buenos Aires
Manuel J. Cobo (Est. Lezama);Chascomús;Provincia de Buenos Aires
Villa Parque Girado;Chascomús;Provincia de Buenos Aires
Chivilcoy;Chivilcoy;Provincia de Buenos Aires
Emilio Ayarza;Chivilcoy;Provincia de Buenos Aires
Gorostiaga;Chivilcoy;Provincia de Buenos Aires
La Rica;Chivilcoy;Provincia de Buenos Aires
Moquehuá;Chivilcoy;Provincia de Buenos Aires
Ramón Biaus;Chivilcoy;Provincia de Buenos Aires
San Sebastián;Chivilcoy;Provincia de Buenos Aires
Andant;Daireaux;Provincia de Buenos Aires
Arboledas;Daireaux;Provincia de Buenos Aires
Daireaux;Daireaux;Provincia de Buenos Aires
La Larga;Daireaux;Provincia de Buenos Aires
La Manuela;Daireaux;Provincia de Buenos Aires
Salazar;Daireaux;Provincia de Buenos Aires
Dolores;Dolores;Provincia de Buenos Aires
Sevigne;Dolores;Provincia de Buenos Aires
Ensenada;Ensenada;Provincia de Buenos Aires
Escobar;Escobar;Provincia de Buenos Aires
Puerto Paraná;Escobar;Provincia de Buenos Aires
Esteban Echeverría;Esteban Echeverría;Provincia de Buenos Aires
Arroyo de la Cruz;Exaltación de la Cruz;Provincia de Buenos Aires
Capilla del Señor (Est. Capilla);Exaltación de la Cruz;Provincia de Buenos Aires
Diego Gaynor;Exaltación de la Cruz;Provincia de Buenos Aires
Los Cardales;Exaltación de la Cruz;Provincia de Buenos Aires
Parada Orlando;Exaltación de la Cruz;Provincia de Buenos Aires
Parada Robles - Pavón;Exaltación de la Cruz;Provincia de Buenos Aires
Ezeiza;Ezeiza;Provincia de Buenos Aires
Florencio Varela;Florencio Varela;Provincia de Buenos Aires
La Capilla;Florencio Varela;Provincia de Buenos Aires
Blaquier;Florentino Ameghino;Provincia de Buenos Aires
Florentino Ameghino;Florentino Ameghino;Provincia de Buenos Aires
Porvenir;Florentino Ameghino;Provincia de Buenos Aires
Comandante Nicanor Otamendi;General Alvarado;Provincia de Buenos Aires
Mar del Sur;General Alvarado;Provincia de Buenos Aires
Mechongué;General Alvarado;Provincia de Buenos Aires
Miramar;General Alvarado;Provincia de Buenos Aires
General Alvear;General Alvear;Provincia de Buenos Aires
Arribeños;General Arenales;Provincia de Buenos Aires
Ascensión;General Arenales;Provincia de Buenos Aires
Estación Arenales;General Arenales;Provincia de Buenos Aires
Ferré;General Arenales;Provincia de Buenos Aires
General Arenales;General Arenales;Provincia de Buenos Aires
La Angelita;General Arenales;Provincia de Buenos Aires
La Trinidad;General Arenales;Provincia de Buenos Aires
General Belgrano;General Belgrano;Provincia de Buenos Aires
Gorchs;General Belgrano;Provincia de Buenos Aires
General Guido;General Guido;Provincia de Buenos Aires
Labardén;General Guido;Provincia de Buenos Aires
General Juan Madariaga;General Juan Madariaga;Provincia de Buenos Aires
General La Madrid;General La Madrid;Provincia de Buenos Aires
La Colina;General La Madrid;Provincia de Buenos Aires
Las Martinetas;General La Madrid;Provincia de Buenos Aires
Líbano;General La Madrid;Provincia de Buenos Aires
Pontaut;General La Madrid;Provincia de Buenos Aires
General Hornos;General Las Heras;Provincia de Buenos Aires
General Las Heras (Est. Las Heras);General Las Heras;Provincia de Buenos Aires
La Choza;General Las Heras;Provincia de Buenos Aires
Lozano;General Las Heras;Provincia de Buenos Aires
Plomer;General Las Heras;Provincia de Buenos Aires
Villars;General Las Heras;Provincia de Buenos Aires
Chacras de San Clemente;General Lavalle;Provincia de Buenos Aires
General Lavalle;General Lavalle;Provincia de Buenos Aires
Pavón;General Lavalle;Provincia de Buenos Aires
Barrio Río Salado;General Paz;Provincia de Buenos Aires
Loma Verde;General Paz;Provincia de Buenos Aires
Ranchos;General Paz;Provincia de Buenos Aires
Villanueva  (Ap. Río Salado);General Paz;Provincia de Buenos Aires
Colonia San Ricardo (Est. Iriarte);General Pinto;Provincia de Buenos Aires
General Pinto;General Pinto;Provincia de Buenos Aires
Germania (Est. Mayor José Orellano);General Pinto;Provincia de Buenos Aires
Villa Francia (Est. Coronel Granada);General Pinto;Provincia de Buenos Aires
Villa Roth (Est. Ingeniero Balbín);General Pinto;Provincia de Buenos Aires
Barrio Colinas Verdes;General Pueyrredón;Provincia de Buenos Aires
Barrio El Boquerón;General Pueyrredón;Provincia de Buenos Aires
Barrio El Casal;General Pueyrredón;Provincia de Buenos Aires
Barrio El Coyunco;General Pueyrredón;Provincia de Buenos Aires
Barrio La Gloria;General Pueyrredón;Provincia de Buenos Aires
Barrio Santa Paula;General Pueyrredón;Provincia de Buenos Aires
Batán;General Pueyrredón;Provincia de Buenos Aires
Chapadmalal;General Pueyrredón;Provincia de Buenos Aires
El Marquesado;General Pueyrredón;Provincia de Buenos Aires
Estación Chapadmalal;General Pueyrredón;Provincia de Buenos Aires
Mar del Plata ;General Pueyrredón;Provincia de Buenos Aires
Sierra de los Padres;General Pueyrredón;Provincia de Buenos Aires
Barrio Ruta 24 Kilómetro 10;General Rodríguez;Provincia de Buenos Aires
Country Club Bosque Real - Barrio Morabo;General Rodríguez;Provincia de Buenos Aires
General Rodríguez;General Rodríguez;Provincia de Buenos Aires
General San Martín;General San Martín;Provincia de Buenos Aires
Baigorrita;General Viamonte;Provincia de Buenos Aires
La Delfina;General Viamonte;Provincia de Buenos Aires
Los Toldos;General Viamonte;Provincia de Buenos Aires
San Emilio;General Viamonte;Provincia de Buenos Aires
Zavalía;General Viamonte;Provincia de Buenos Aires
Banderalo;General Villegas;Provincia de Buenos Aires
Cañada Seca ;General Villegas;Provincia de Buenos Aires
Coronel Charlone;General Villegas;Provincia de Buenos Aires
Emilio V. Bunge;General Villegas;Provincia de Buenos Aires
General Villegas (Est. Villegas);General Villegas;Provincia de Buenos Aires
Massey (Est. Elordi);General Villegas;Provincia de Buenos Aires
Pichincha;General Villegas;Provincia de Buenos Aires
Piedritas;General Villegas;Provincia de Buenos Aires
Santa Eleodora;General Villegas;Provincia de Buenos Aires
Santa Regina;General Villegas;Provincia de Buenos Aires
Villa Saboya;General Villegas;Provincia de Buenos Aires
Villa Sauze;General Villegas;Provincia de Buenos Aires
Arroyo Venado;Guaminí;Provincia de Buenos Aires
Casbas;Guaminí;Provincia de Buenos Aires
Garré;Guaminí;Provincia de Buenos Aires
Guaminí;Guaminí;Provincia de Buenos Aires
Laguna Alsina (Est. Bonifacio);Guaminí;Provincia de Buenos Aires
Henderson;Hipólito Yrigoyen;Provincia de Buenos Aires
Herrera Vegas;Hipólito Yrigoyen;Provincia de Buenos Aires
Hurlingham;Hurlingham;Provincia de Buenos Aires
Ituzaingó;Ituzaingó;Provincia de Buenos Aires
José C. Paz;José C. Paz;Provincia de Buenos Aires
Agustín Roca;Junín;Provincia de Buenos Aires
Agustina;Junín;Provincia de Buenos Aires
Balneario Laguna de Gómez;Junín;Provincia de Buenos Aires
Fortín Tiburcio;Junín;Provincia de Buenos Aires
Junín;Junín;Provincia de Buenos Aires
Laplacette;Junín;Provincia de Buenos Aires
Morse;Junín;Provincia de Buenos Aires
Saforcada;Junín;Provincia de Buenos Aires
Las Toninas;La Costa;Provincia de Buenos Aires
Mar de Ajó - San Bernardo;La Costa;Provincia de Buenos Aires
San Clemente del Tuyú;La Costa;Provincia de Buenos Aires
Santa Teresita - Mar del Tuyú;La Costa;Provincia de Buenos Aires
La Matanza;La Matanza;Provincia de Buenos Aires
Lanús;Lanús;Provincia de Buenos Aires
Country Club El Rodeo;La Plata;Provincia de Buenos Aires
Ignacio Correas;La Plata;Provincia de Buenos Aires
La Plata;La Plata;Provincia de Buenos Aires
Lomas de Copello;La Plata;Provincia de Buenos Aires
Ruta Sol;La Plata;Provincia de Buenos Aires
Laprida;Laprida;Provincia de Buenos Aires
Pueblo Nuevo;Laprida;Provincia de Buenos Aires
Pueblo San Jorge;Laprida;Provincia de Buenos Aires
Coronel Boerr;Las Flores;Provincia de Buenos Aires
El Trigo;Las Flores;Provincia de Buenos Aires
Las Flores;Las Flores;Provincia de Buenos Aires
Pardo;Las Flores;Provincia de Buenos Aires
Alberdi Viejo;Leandro N. Alem;Provincia de Buenos Aires
El Dorado;Leandro N. Alem;Provincia de Buenos Aires
Fortín Acha;Leandro N. Alem;Provincia de Buenos Aires
Juan Bautista Alberdi (Est. Alberdi);Leandro N. Alem;Provincia de Buenos Aires
Leandro N. Alem;Leandro N. Alem;Provincia de Buenos Aires
Vedia;Leandro N. Alem;Provincia de Buenos Aires
Arenaza;Lincoln;Provincia de Buenos Aires
Bayauca;Lincoln;Provincia de Buenos Aires
Bermúdez;Lincoln;Provincia de Buenos Aires
Carlos Salas;Lincoln;Provincia de Buenos Aires
Coronel Martínez de Hoz (Ap. Kilómetro 322);Lincoln;Provincia de Buenos Aires
El Triunfo;Lincoln;Provincia de Buenos Aires
Las Toscas;Lincoln;Provincia de Buenos Aires
Lincoln;Lincoln;Provincia de Buenos Aires
Pasteur;Lincoln;Provincia de Buenos Aires
Roberts;Lincoln;Provincia de Buenos Aires
Arenas Verdes;Lobería;Provincia de Buenos Aires
Licenciado Matienzo;Lobería;Provincia de Buenos Aires
Lobería;Lobería;Provincia de Buenos Aires
Pieres;Lobería;Provincia de Buenos Aires
San Manuel;Lobería;Provincia de Buenos Aires
Tamangueyú;Lobería;Provincia de Buenos Aires
Antonio Carboni;Lobos;Provincia de Buenos Aires
Elvira;Lobos;Provincia de Buenos Aires
Laguna de Lobos;Lobos;Provincia de Buenos Aires
Lobos;Lobos;Provincia de Buenos Aires
Salvador María;Lobos;Provincia de Buenos Aires
Lomas de Zamora;Lomas de Zamora;Provincia de Buenos Aires
Barrio Las Casuarinas;Luján;Provincia de Buenos Aires
Carlos Keen;Luján;Provincia de Buenos Aires
Cortines;Luján;Provincia de Buenos Aires
José María Jauregui (Est. Jáuregui);Luján;Provincia de Buenos Aires
Lezica y Torrezuri;Luján;Provincia de Buenos Aires
Luján;Luján;Provincia de Buenos Aires
Olivera;Luján;Provincia de Buenos Aires
Open Door (Est. Dr. Domingo Cabred);Luján;Provincia de Buenos Aires
Torres;Luján;Provincia de Buenos Aires
Atalaya;Magdalena;Provincia de Buenos Aires
General Mansilla (Est. Bartolomé Bavio);Magdalena;Provincia de Buenos Aires
Los Naranjos;Magdalena;Provincia de Buenos Aires
Magdalena;Magdalena;Provincia de Buenos Aires
Roberto J. Payró;Magdalena;Provincia de Buenos Aires
Vieytes;Magdalena;Provincia de Buenos Aires
Las Armas;Maipú;Provincia de Buenos Aires
Maipú;Maipú;Provincia de Buenos Aires
Santo Domingo;Maipú;Provincia de Buenos Aires
Malvinas Argentinas;Malvinas Argentinas;Provincia de Buenos Aires
Coronel Vidal;Mar Chiquita;Provincia de Buenos Aires
General Pirán;Mar Chiquita;Provincia de Buenos Aires
La Armonía;Mar Chiquita;Provincia de Buenos Aires
Mar Chiquita;Mar Chiquita;Provincia de Buenos Aires
Mar de Cobo;Mar Chiquita;Provincia de Buenos Aires
Santa Clara del Mar ;Mar Chiquita;Provincia de Buenos Aires
Vivoratá;Mar Chiquita;Provincia de Buenos Aires
Barrio Santa Rosa;Marcos Paz;Provincia de Buenos Aires
Marcos Paz;Marcos Paz;Provincia de Buenos Aires
Gowland;Mercedes;Provincia de Buenos Aires
Mercedes;Mercedes;Provincia de Buenos Aires
Tomás Jofré;Mercedes;Provincia de Buenos Aires
Merlo;Merlo;Provincia de Buenos Aires
Abbott;Monte;Provincia de Buenos Aires
San Miguel del Monte (Est. Monte);Monte;Provincia de Buenos Aires
Zenón Videla Dorna;Monte;Provincia de Buenos Aires
Balneario Sauce Grande;Monte Hermoso;Provincia de Buenos Aires
Monte Hermoso;Monte Hermoso;Provincia de Buenos Aires
Moreno;Moreno;Provincia de Buenos Aires
Morón;Morón;Provincia de Buenos Aires
José Juan Almeyra;Navarro;Provincia de Buenos Aires
Las Marianas;Navarro;Provincia de Buenos Aires
Navarro;Navarro;Provincia de Buenos Aires
Villa Moll (Est. Moll);Navarro;Provincia de Buenos Aires
Claraz;Necochea;Provincia de Buenos Aires
Costa Bonita;Necochea;Provincia de Buenos Aires
Juan N. Fernández;Necochea;Provincia de Buenos Aires
Necochea - Quequén;Necochea;Provincia de Buenos Aires
Nicanor Olivera (Est. La Dulce);Necochea;Provincia de Buenos Aires
Ramón Santamarina;Necochea;Provincia de Buenos Aires
Alfredo Demarchi (Est. Facundo Quiroga);"9 de Julio";Provincia de Buenos Aires
Carlos María Naón;"9 de Julio";Provincia de Buenos Aires
"12 de Octubre";"9 de Julio";Provincia de Buenos Aires
Dudignac;"9 de Julio";Provincia de Buenos Aires
La Aurora (Est. La Niña);"9 de Julio";Provincia de Buenos Aires
Manuel B. Gonnet (Est. French);"9 de Julio";Provincia de Buenos Aires
Marcelino Ugarte (Est. Dennehy);"9 de Julio";Provincia de Buenos Aires
Morea;"9 de Julio";Provincia de Buenos Aires
Norumbega;"9 de Julio";Provincia de Buenos Aires
"9 de Julio";"9 de Julio";Provincia de Buenos Aires
Patricios;"9 de Julio";Provincia de Buenos Aires
Villa General Fournier (Est. 9 de Julio Sud);"9 de Julio";Provincia de Buenos Aires
Blancagrande;Olavarría;Provincia de Buenos Aires
Colonia Hinojo ;Olavarría;Provincia de Buenos Aires
Colonia Nievas;Olavarría;Provincia de Buenos Aires
Colonia San Miguel;Olavarría;Provincia de Buenos Aires
Espigas;Olavarría;Provincia de Buenos Aires
Hinojo ;Olavarría;Provincia de Buenos Aires
Olavarría;Olavarría;Provincia de Buenos Aires
Recalde;Olavarría;Provincia de Buenos Aires
Santa Luisa;Olavarría;Provincia de Buenos Aires
Sierra Chica;Olavarría;Provincia de Buenos Aires
Sierras Bayas;Olavarría;Provincia de Buenos Aires
Villa Alfredo Fortabat ;Olavarría;Provincia de Buenos Aires
Villa La Serranía;Olavarría;Provincia de Buenos Aires
Bahía San Blas;Patagones;Provincia de Buenos Aires
Cardenal Cagliero;Patagones;Provincia de Buenos Aires
Carmen de Patagones ;Patagones;Provincia de Buenos Aires
José B. Casas;Patagones;Provincia de Buenos Aires
Juan A. Pradere;Patagones;Provincia de Buenos Aires
Stroeder;Patagones;Provincia de Buenos Aires
Villalonga;Patagones;Provincia de Buenos Aires
Capitán Castro;Pehuajó;Provincia de Buenos Aires
Chiclana;Pehuajó;Provincia de Buenos Aires
Francisco Madero;Pehuajó;Provincia de Buenos Aires
Juan José Paso;Pehuajó;Provincia de Buenos Aires
Magdala;Pehuajó;Provincia de Buenos Aires
Mones Cazón;Pehuajó;Provincia de Buenos Aires
Nueva Plata;Pehuajó;Provincia de Buenos Aires
Pehuajó;Pehuajó;Provincia de Buenos Aires
San Bernardo (Est. Guanaco);Pehuajó;Provincia de Buenos Aires
Bocayuva;Pellegrini;Provincia de Buenos Aires
De Bary;Pellegrini;Provincia de Buenos Aires
Pellegrini;Pellegrini;Provincia de Buenos Aires
Acevedo;Pergamino;Provincia de Buenos Aires
Fontezuela;Pergamino;Provincia de Buenos Aires
Guerrico;Pergamino;Provincia de Buenos Aires
Juan A. de la Peña;Pergamino;Provincia de Buenos Aires
Juan Anchorena (Est. Urquiza);Pergamino;Provincia de Buenos Aires
La Violeta;Pergamino;Provincia de Buenos Aires
Manuel Ocampo;Pergamino;Provincia de Buenos Aires
Mariano Benítez;Pergamino;Provincia de Buenos Aires
Mariano H. Alfonzo (Est. San Patricio);Pergamino;Provincia de Buenos Aires
Pergamino;Pergamino;Provincia de Buenos Aires
Pinzón;Pergamino;Provincia de Buenos Aires
Rancagua;Pergamino;Provincia de Buenos Aires
Villa Angélica (Est. El Socorro);Pergamino;Provincia de Buenos Aires
Villa San José;Pergamino;Provincia de Buenos Aires
Casalins;Pila;Provincia de Buenos Aires
Pila;Pila;Provincia de Buenos Aires
Barrio Parque Almirante Irizar (Ap. Kilómetro 61) ;Pilar;Provincia de Buenos Aires
Club de Campo Larena - Los Quinchos;Pilar;Provincia de Buenos Aires
Country Club El Jagüel ;Pilar;Provincia de Buenos Aires
Pilar;Pilar;Provincia de Buenos Aires
Pinamar ;Pinamar;Provincia de Buenos Aires
Presidente Perón;Presidente Perón;Provincia de Buenos Aires
Azopardo;Puán;Provincia de Buenos Aires
Bordenave;Puán;Provincia de Buenos Aires
Darregueira;Puán;Provincia de Buenos Aires
"17 de Agosto";Puán;Provincia de Buenos Aires
Estela;Puán;Provincia de Buenos Aires
Felipe Solá;Puán;Provincia de Buenos Aires
López Lecube;Puán;Provincia de Buenos Aires
Puán;Puán;Provincia de Buenos Aires
San Germán;Puán;Provincia de Buenos Aires
Villa Castelar (Est. Erize);Puán;Provincia de Buenos Aires
Villa Iris;Puán;Provincia de Buenos Aires
Alvarez Jonte;Punta Indio;Provincia de Buenos Aires
Las Tahonas;Punta Indio;Provincia de Buenos Aires
Pipinas;Punta Indio;Provincia de Buenos Aires
Punta Indio;Punta Indio;Provincia de Buenos Aires
Verónica;Punta Indio;Provincia de Buenos Aires
Quilmes;Quilmes;Provincia de Buenos Aires
El Paraíso;Ramallo;Provincia de Buenos Aires
Las Bahamas;Ramallo;Provincia de Buenos Aires
Pérez Millán;Ramallo;Provincia de Buenos Aires
Ramallo;Ramallo;Provincia de Buenos Aires
Villa General Savio (Est. Sánchez);Ramallo;Provincia de Buenos Aires
Villa Ramallo;Ramallo;Provincia de Buenos Aires
Rauch;Rauch;Provincia de Buenos Aires
América;Rivadavia;Provincia de Buenos Aires
Fortín Olavarría;Rivadavia;Provincia de Buenos Aires
Gonzalez Moreno;Rivadavia;Provincia de Buenos Aires
Mira Pampa;Rivadavia;Provincia de Buenos Aires
Roosevelt;Rivadavia;Provincia de Buenos Aires
San Mauricio;Rivadavia;Provincia de Buenos Aires
Sansinena;Rivadavia;Provincia de Buenos Aires
Sundblad;Rivadavia;Provincia de Buenos Aires
La Beba;Rojas;Provincia de Buenos Aires
Las Carabelas;Rojas;Provincia de Buenos Aires
Los Indios;Rojas;Provincia de Buenos Aires
Rafael Obligado;Rojas;Provincia de Buenos Aires
Roberto Cano;Rojas;Provincia de Buenos Aires
Rojas;Rojas;Provincia de Buenos Aires
Sol de Mayo;Rojas;Provincia de Buenos Aires
Villa Manuel Pomar;Rojas;Provincia de Buenos Aires
Villa Parque Cecir;Rojas;Provincia de Buenos Aires
Carlos Beguerie;Roque Pérez;Provincia de Buenos Aires
Roque Pérez;Roque Pérez;Provincia de Buenos Aires
Arroyo Corto;Saavedra;Provincia de Buenos Aires
Colonia San Martín;Saavedra;Provincia de Buenos Aires
Dufaur;Saavedra;Provincia de Buenos Aires
Espartillar;Saavedra;Provincia de Buenos Aires
Goyena;Saavedra;Provincia de Buenos Aires
Pigüé;Saavedra;Provincia de Buenos Aires
Saavedra;Saavedra;Provincia de Buenos Aires
Álvarez de Toledo;Saladillo;Provincia de Buenos Aires
Blaquier;Saladillo;Provincia de Buenos Aires
Cazón;Saladillo;Provincia de Buenos Aires
Del Carril;Saladillo;Provincia de Buenos Aires
Polvaredas;Saladillo;Provincia de Buenos Aires
Saladillo;Saladillo;Provincia de Buenos Aires
Arroyo Dulce;Salto;Provincia de Buenos Aires
Berdier;Salto;Provincia de Buenos Aires
Gahan;Salto;Provincia de Buenos Aires
Inés Indart;Salto;Provincia de Buenos Aires
La Invencible;Salto;Provincia de Buenos Aires
Salto;Salto;Provincia de Buenos Aires
Quenumá;Salliqueló;Provincia de Buenos Aires
Salliqueló;Salliqueló;Provincia de Buenos Aires
Azcuénaga;San Andrés de Giles;Provincia de Buenos Aires
Cucullú;San Andrés de Giles;Provincia de Buenos Aires
Franklin;San Andrés de Giles;Provincia de Buenos Aires
San Andrés de Giles;San Andrés de Giles;Provincia de Buenos Aires
Solís;San Andrés de Giles;Provincia de Buenos Aires
Villa Espil;San Andrés de Giles;Provincia de Buenos Aires
Villa Ruiz;San Andrés de Giles;Provincia de Buenos Aires
Duggan ;San Antonio de Areco;Provincia de Buenos Aires
San Antonio de Areco;San Antonio de Areco;Provincia de Buenos Aires
Villa Lía;San Antonio de Areco;Provincia de Buenos Aires
Balneario San Cayetano;San Cayetano;Provincia de Buenos Aires
Ochandío;San Cayetano;Provincia de Buenos Aires
San Cayetano;San Cayetano;Provincia de Buenos Aires
San Fernando;San Fernando;Provincia de Buenos Aires
San Isidro;San Isidro;Provincia de Buenos Aires
San Miguel;San Miguel;Provincia de Buenos Aires
Conesa;San Nicolás;Provincia de Buenos Aires
Erezcano;San Nicolás;Provincia de Buenos Aires
General Rojo;San Nicolás;Provincia de Buenos Aires
La Emilia ;San Nicolás;Provincia de Buenos Aires
San Nicolás de los Arroyos ;San Nicolás;Provincia de Buenos Aires
Villa Esperanza;San Nicolás;Provincia de Buenos Aires
Gobernador Castro;San Pedro;Provincia de Buenos Aires
Obligado;San Pedro;Provincia de Buenos Aires
Pueblo Doyle;San Pedro;Provincia de Buenos Aires
Río Tala;San Pedro;Provincia de Buenos Aires
San Pedro;San Pedro;Provincia de Buenos Aires
Santa Lucía;San Pedro;Provincia de Buenos Aires
Domselaar;San Vicente;Provincia de Buenos Aires
San Vicente;San Vicente;Provincia de Buenos Aires
General Rivas;Suipacha;Provincia de Buenos Aires
Suipacha;Suipacha;Provincia de Buenos Aires
De la Canal;Tandil;Provincia de Buenos Aires
Desvío Aguirre;Tandil;Provincia de Buenos Aires
Gardey;Tandil;Provincia de Buenos Aires
María Ignacia (Est. Vela);Tandil;Provincia de Buenos Aires
Tandil;Tandil;Provincia de Buenos Aires
Crotto;Tapalqué;Provincia de Buenos Aires
Tapalqué;Tapalqué;Provincia de Buenos Aires
Velloso;Tapalqué;Provincia de Buenos Aires
Tigre;Tigre;Provincia de Buenos Aires
General Conesa;Tordillo;Provincia de Buenos Aires
Villa Roch;Tordillo;Provincia de Buenos Aires
Chasicó;Tornquist;Provincia de Buenos Aires
Saldungaray;Tornquist;Provincia de Buenos Aires
Sierra de la Ventana;Tornquist;Provincia de Buenos Aires
Tornquist;Tornquist;Provincia de Buenos Aires
Tres Picos;Tornquist;Provincia de Buenos Aires
Villa Las Encadenadas;Tornquist;Provincia de Buenos Aires
Villa Serrana La Gruta;Tornquist;Provincia de Buenos Aires
Villa Ventana;Tornquist;Provincia de Buenos Aires
Berutti;Trenque Lauquen;Provincia de Buenos Aires
Girodias;Trenque Lauquen;Provincia de Buenos Aires
La Carreta;Trenque Lauquen;Provincia de Buenos Aires
"30 de Agosto";Trenque Lauquen;Provincia de Buenos Aires
Trenque Lauquen;Trenque Lauquen;Provincia de Buenos Aires
Trongé;Trenque Lauquen;Provincia de Buenos Aires
Balneario Orense;Tres Arroyos;Provincia de Buenos Aires
Claromecó ;Tres Arroyos;Provincia de Buenos Aires
Copetonas;Tres Arroyos;Provincia de Buenos Aires
Lin Calel;Tres Arroyos;Provincia de Buenos Aires
Micaela Cascallares (Est. Cascallares);Tres Arroyos;Provincia de Buenos Aires
Orense;Tres Arroyos;Provincia de Buenos Aires
Reta;Tres Arroyos;Provincia de Buenos Aires
San Francisco de Bellocq;Tres Arroyos;Provincia de Buenos Aires
San Mayol;Tres Arroyos;Provincia de Buenos Aires
Tres Arroyos;Tres Arroyos;Provincia de Buenos Aires
Villa Rodríguez (Est. Barrow);Tres Arroyos;Provincia de Buenos Aires
Tres de Febrero;Tres de Febrero;Provincia de Buenos Aires
Ingeniero Thompson;Tres Lomas;Provincia de Buenos Aires
Tres Lomas ;Tres Lomas;Provincia de Buenos Aires
Agustín Mosconi;"25 de Mayo";Provincia de Buenos Aires
Del Valle;"25 de Mayo";Provincia de Buenos Aires
Ernestina;"25 de Mayo";Provincia de Buenos Aires
Gobernador Ugarte;"25 de Mayo";Provincia de Buenos Aires
Lucas Monteverde;"25 de Mayo";Provincia de Buenos Aires
Norberto de la Riestra;"25 de Mayo";Provincia de Buenos Aires
Pedernales;"25 de Mayo";Provincia de Buenos Aires
San Enrique;"25 de Mayo";Provincia de Buenos Aires
Valdés;"25 de Mayo";Provincia de Buenos Aires
"25 de Mayo";"25 de Mayo";Provincia de Buenos Aires
Vicente López;Vicente López;Provincia de Buenos Aires
Mar Azul;Villa Gesell;Provincia de Buenos Aires
Villa Gesell ;Villa Gesell;Provincia de Buenos Aires
Argerich;Villarino;Provincia de Buenos Aires
Colonia San Adolfo;Villarino;Provincia de Buenos Aires
Hilario Ascasubi;Villarino;Provincia de Buenos Aires
Juan Cousté (Est. Algarrobo);Villarino;Provincia de Buenos Aires
Mayor Buratovich;Villarino;Provincia de Buenos Aires
Médanos;Villarino;Provincia de Buenos Aires
Pedro Luro;Villarino;Provincia de Buenos Aires
Teniente Origone;Villarino;Provincia de Buenos Aires
Barrio Saavedra;Zárate;Provincia de Buenos Aires
Country Club El Casco;Zárate;Provincia de Buenos Aires
Escalada;Zárate;Provincia de Buenos Aires
Lima;Zárate;Provincia de Buenos Aires
Zárate ;Zárate;Provincia de Buenos Aires
Ciudad Autónoma de Buenos Aires;C.A.B.A. Comuna 1;Ciudad de Buenos Aires
Ciudad Autónoma de Buenos Aires;C.A.B.A. Comuna 2;Ciudad de Buenos Aires
Ciudad Autónoma de Buenos Aires;C.A.B.A. Comuna 3;Ciudad de Buenos Aires
Ciudad Autónoma de Buenos Aires;C.A.B.A. Comuna 4;Ciudad de Buenos Aires
Ciudad Autónoma de Buenos Aires;C.A.B.A. Comuna 5;Ciudad de Buenos Aires
Ciudad Autónoma de Buenos Aires;C.A.B.A. Comuna 6;Ciudad de Buenos Aires
Ciudad Autónoma de Buenos Aires;C.A.B.A. Comuna 7;Ciudad de Buenos Aires
Ciudad Autónoma de Buenos Aires;C.A.B.A. Comuna 8;Ciudad de Buenos Aires
Ciudad Autónoma de Buenos Aires;C.A.B.A. Comuna 9;Ciudad de Buenos Aires
Ciudad Autónoma de Buenos Aires;C.A.B.A. Comuna 10;Ciudad de Buenos Aires
Ciudad Autónoma de Buenos Aires;C.A.B.A. Comuna 11;Ciudad de Buenos Aires
Ciudad Autónoma de Buenos Aires;C.A.B.A. Comuna 12;Ciudad de Buenos Aires
Ciudad Autónoma de Buenos Aires;C.A.B.A. Comuna 13;Ciudad de Buenos Aires
Ciudad Autónoma de Buenos Aires;C.A.B.A. Comuna 14;Ciudad de Buenos Aires
Ciudad Autónoma de Buenos Aires;C.A.B.A. Comuna 15;Ciudad de Buenos Aires
Chuchucaruana;Ambató;Provincia de Catamarca
Colpes;Ambató;Provincia de Catamarca
El Bolsón;Ambató;Provincia de Catamarca
El Rodeo  ;Ambató;Provincia de Catamarca
Huaycama;Ambató;Provincia de Catamarca
La Puerta;Ambató;Provincia de Catamarca
Las Chacritas;Ambató;Provincia de Catamarca
Las Juntas;Ambató;Provincia de Catamarca
Los Castillos;Ambató;Provincia de Catamarca
Los Talas;Ambató;Provincia de Catamarca
Los Varela;Ambató;Provincia de Catamarca
Singuil;Ambató;Provincia de Catamarca
Ancasti;Ancastí;Provincia de Catamarca
Anquincila;Ancastí;Provincia de Catamarca
La Candelaria;Ancastí;Provincia de Catamarca
La Majada;Ancastí;Provincia de Catamarca
Amanao;Andalgalá;Provincia de Catamarca
Andalgalá;Andalgalá;Provincia de Catamarca
Chaquiago;Andalgalá;Provincia de Catamarca
Choya;Andalgalá;Provincia de Catamarca
El Alamito;Andalgalá;Provincia de Catamarca
El Lindero;Andalgalá;Provincia de Catamarca
El Potrero;Andalgalá;Provincia de Catamarca
La Aguada;Andalgalá;Provincia de Catamarca
Antofagasta de la Sierra;Antofagasta de la Sierra;Provincia de Catamarca
Antofalla;Antofagasta de la Sierra;Provincia de Catamarca
El Peñón;Antofagasta de la Sierra;Provincia de Catamarca
Los Nacimientos;Antofagasta de la Sierra;Provincia de Catamarca
Barranca Larga;Belén;Provincia de Catamarca
Belén;Belén;Provincia de Catamarca
Cóndor Huasi;Belén;Provincia de Catamarca
Corral Quemado;Belén;Provincia de Catamarca
El Durazno;Belén;Provincia de Catamarca
Farallón Negro;Belén;Provincia de Catamarca
Hualfín;Belén;Provincia de Catamarca
Jacipunco;Belén;Provincia de Catamarca
La Puntilla;Belén;Provincia de Catamarca
Las Juntas;Belén;Provincia de Catamarca
Londres ;Belén;Provincia de Catamarca
Los Nacimientos;Belén;Provincia de Catamarca
Puerta de Corral Quemado;Belén;Provincia de Catamarca
Puerta de San José;Belén;Provincia de Catamarca
Villa Vil;Belén;Provincia de Catamarca
Adolfo E. Carranza;Capayán;Provincia de Catamarca
Balde de la Punta;Capayán;Provincia de Catamarca
Capayán;Capayán;Provincia de Catamarca
Chumbicha;Capayán;Provincia de Catamarca
Colonia del Valle;Capayán;Provincia de Catamarca
Colonia Nueva Coneta;Capayán;Provincia de Catamarca
Concepción;Capayán;Provincia de Catamarca
Coneta;Capayán;Provincia de Catamarca
El Bañado;Capayán;Provincia de Catamarca
Huillapima;Capayán;Provincia de Catamarca
Los Angeles;Capayán;Provincia de Catamarca
Miraflores;Capayán;Provincia de Catamarca
San Martín;Capayán;Provincia de Catamarca
San Pablo;Capayán;Provincia de Catamarca
San Pedro;Capayán;Provincia de Catamarca
Barrio Bancario;Capital;Provincia de Catamarca
El Pantanillo;Capital;Provincia de Catamarca
San Fernando del Valle de Catamarca;Capital;Provincia de Catamarca
El Alto;El Alto;Provincia de Catamarca
Guayamba;El Alto;Provincia de Catamarca
Infanzón;El Alto;Provincia de Catamarca
Los Corrales;El Alto;Provincia de Catamarca
Tapso;El Alto;Provincia de Catamarca
Vilismán;El Alto;Provincia de Catamarca
Collagasta;Fray Mamerto Esquiú;Provincia de Catamarca
Pomancillo Este;Fray Mamerto Esquiú;Provincia de Catamarca
Pomancillo Oeste;Fray Mamerto Esquiú;Provincia de Catamarca
San José;Fray Mamerto Esquiú;Provincia de Catamarca
Villa Las Pirquitas;Fray Mamerto Esquiú;Provincia de Catamarca
Casa de Piedra;La Paz;Provincia de Catamarca
El Aybal;La Paz;Provincia de Catamarca
El Bañado;La Paz;Provincia de Catamarca
El Divisadero;La Paz;Provincia de Catamarca
El Quimilo;La Paz;Provincia de Catamarca
Esquiú;La Paz;Provincia de Catamarca
Icaño;La Paz;Provincia de Catamarca
La Dorada;La Paz;Provincia de Catamarca
La Guardia;La Paz;Provincia de Catamarca
Las Esquinas;La Paz;Provincia de Catamarca
Las Palmitas;La Paz;Provincia de Catamarca
Quirós;La Paz;Provincia de Catamarca
Ramblones;La Paz;Provincia de Catamarca
Recreo;La Paz;Provincia de Catamarca
San Antonio;La Paz;Provincia de Catamarca
Amadores;Paclín;Provincia de Catamarca
El Rosario;Paclín;Provincia de Catamarca
La Bajada;Paclín;Provincia de Catamarca
La Higuera;Paclín;Provincia de Catamarca
La Merced;Paclín;Provincia de Catamarca
La Viña;Paclín;Provincia de Catamarca
Las Lajas;Paclín;Provincia de Catamarca
Monte Potrero;Paclín;Provincia de Catamarca
Palo Labrado;Paclín;Provincia de Catamarca
San Antonio;Paclín;Provincia de Catamarca
Villa de Balcozna;Paclín;Provincia de Catamarca
Apoyaco;Pomán;Provincia de Catamarca
Colana;Pomán;Provincia de Catamarca
Colpes;Pomán;Provincia de Catamarca
El Pajonal (Est. Pomán);Pomán;Provincia de Catamarca
Joyango;Pomán;Provincia de Catamarca
Mutquin;Pomán;Provincia de Catamarca
Pomán ;Pomán;Provincia de Catamarca
Rincón;Pomán;Provincia de Catamarca
San Miguel;Pomán;Provincia de Catamarca
Saujil;Pomán;Provincia de Catamarca
Siján;Pomán;Provincia de Catamarca
Andalhualá;Santa María;Provincia de Catamarca
Caspichango;Santa María;Provincia de Catamarca
Chañar Punco;Santa María;Provincia de Catamarca
El Cajón;Santa María;Provincia de Catamarca
El Desmonte;Santa María;Provincia de Catamarca
El Puesto;Santa María;Provincia de Catamarca
Famatanca;Santa María;Provincia de Catamarca
Fuerte Quemado;Santa María;Provincia de Catamarca
La Hoyada;Santa María;Provincia de Catamarca
La Loma;Santa María;Provincia de Catamarca
Las Mojarras;Santa María;Provincia de Catamarca
Loro Huasi;Santa María;Provincia de Catamarca
Punta de Balasto;Santa María;Provincia de Catamarca
San José;Santa María;Provincia de Catamarca
Santa María;Santa María;Provincia de Catamarca
Yapes;Santa María;Provincia de Catamarca
Alijilán;Santa Rosa;Provincia de Catamarca
Bañado de Ovanta;Santa Rosa;Provincia de Catamarca
Las Cañas;Santa Rosa;Provincia de Catamarca
Lavalle;Santa Rosa;Provincia de Catamarca
Los Altos;Santa Rosa;Provincia de Catamarca
Manantiales;Santa Rosa;Provincia de Catamarca
San Pedro;Santa Rosa;Provincia de Catamarca
Anillaco;Tinogasta;Provincia de Catamarca
Antinaco;Tinogasta;Provincia de Catamarca
Banda de Lucero;Tinogasta;Provincia de Catamarca
Cerro Negro;Tinogasta;Provincia de Catamarca
Copacabana;Tinogasta;Provincia de Catamarca
Cordobita;Tinogasta;Provincia de Catamarca
Costa de Reyes;Tinogasta;Provincia de Catamarca
El Pueblito;Tinogasta;Provincia de Catamarca
El Puesto;Tinogasta;Provincia de Catamarca
El Salado;Tinogasta;Provincia de Catamarca
Fiambalá;Tinogasta;Provincia de Catamarca
Los Balverdis;Tinogasta;Provincia de Catamarca
Medanitos;Tinogasta;Provincia de Catamarca
Palo Blanco;Tinogasta;Provincia de Catamarca
Punta del Agua;Tinogasta;Provincia de Catamarca
Saujil;Tinogasta;Provincia de Catamarca
Tatón;Tinogasta;Provincia de Catamarca
Tinogasta;Tinogasta;Provincia de Catamarca
El Portezuelo;Valle Viejo;Provincia de Catamarca
Huaycama;Valle Viejo;Provincia de Catamarca
Las Tejas;Valle Viejo;Provincia de Catamarca
San Isidro;Valle Viejo;Provincia de Catamarca
Santa Cruz;Valle Viejo;Provincia de Catamarca
Concepción del Bermejo;Almirante Brown;Provincia del Chaco
Los Frentones;Almirante Brown;Provincia del Chaco
Pampa del Infierno;Almirante Brown;Provincia del Chaco
Río Muerto;Almirante Brown;Provincia del Chaco
Taco Pozo;Almirante Brown;Provincia del Chaco
General Vedia;Bermejo;Provincia del Chaco
Isla del Cerrito;Bermejo;Provincia del Chaco
La Leonesa;Bermejo;Provincia del Chaco
Las Palmas;Bermejo;Provincia del Chaco
Puerto Bermejo Nuevo;Bermejo;Provincia del Chaco
Puerto Bermejo Viejo;Bermejo;Provincia del Chaco
Puerto Eva Perón;Bermejo;Provincia del Chaco
Presidencia Roque Sáenz Peña;Comandante Fernández;Provincia del Chaco
Charata;Chacabuco;Provincia del Chaco
Gancedo;"12 de Octubre";Provincia del Chaco
General Capdevila;"12 de Octubre";Provincia del Chaco
General Pinedo;"12 de Octubre";Provincia del Chaco
Mesón de Fierro;"12 de Octubre";Provincia del Chaco
Pampa Landriel;"12 de Octubre";Provincia del Chaco
Hermoso Campo;"2 de Abril";Provincia del Chaco
Itín;"2 de Abril";Provincia del Chaco
Chorotis;Fray Justo Santa María de Oro;Provincia del Chaco
Santa Sylvina;Fray Justo Santa María de Oro;Provincia del Chaco
Venados Grandes;Fray Justo Santa María de Oro;Provincia del Chaco
Corzuela;General Belgrano;Provincia del Chaco
La Escondida;General Donovan;Provincia del Chaco
La Verde;General Donovan;Provincia del Chaco
Lapachito;General Donovan;Provincia del Chaco
Makallé;General Donovan;Provincia del Chaco
El Espinillo;General Güemes;Provincia del Chaco
El Sauzal;General Güemes;Provincia del Chaco
El Sauzalito;General Güemes;Provincia del Chaco
Fortín Lavalle;General Güemes;Provincia del Chaco
Fuerte Esperanza;General Güemes;Provincia del Chaco
Juan José Castelli;General Güemes;Provincia del Chaco
Miraflores;General Güemes;Provincia del Chaco
Nueva Pompeya;General Güemes;Provincia del Chaco
Puerto Lavalle;General Güemes;Provincia del Chaco
Villa Río Bermejito;General Güemes;Provincia del Chaco
Wichi;General Güemes;Provincia del Chaco
Zaparinqui;General Güemes;Provincia del Chaco
Avia Terai;Independencia;Provincia del Chaco
Campo Largo;Independencia;Provincia del Chaco
Fortín Las Chuñas;Independencia;Provincia del Chaco
Napenay;Independencia;Provincia del Chaco
Colonia Popular;Libertad;Provincia del Chaco
Estación General Obligado;Libertad;Provincia del Chaco
Laguna Blanca;Libertad;Provincia del Chaco
Puerto Tirol;Libertad;Provincia del Chaco
Ciervo Petiso;Libertador General San Martín;Provincia del Chaco
General José de San Martín ;Libertador General San Martín;Provincia del Chaco
La Eduvigis;Libertador General San Martín;Provincia del Chaco
Laguna Limpia;Libertador General San Martín;Provincia del Chaco
Pampa Almirón;Libertador General San Martín;Provincia del Chaco
Pampa del Indio;Libertador General San Martín;Provincia del Chaco
Presidencia Roca;Libertador General San Martín;Provincia del Chaco
Selvas del Río de Oro;Libertador General San Martín;Provincia del Chaco
Tres Isletas;Maipú;Provincia del Chaco
Coronel Du Graty;Mayor Luis J. Fontana;Provincia del Chaco
Enrique Urien;Mayor Luis J. Fontana;Provincia del Chaco
Villa Angela;Mayor Luis J. Fontana;Provincia del Chaco
Las Breñas;"9 de Julio";Provincia del Chaco
La Clotilde;O Higgins;Provincia del Chaco
La Tigra;O Higgins;Provincia del Chaco
San Bernardo;O Higgins;Provincia del Chaco
Presidencia de la Plaza;Presidencia de la Plaza;Provincia del Chaco
Barrio de los Pescadores;"1º de Mayo";Provincia del Chaco
Colonia Benítez;"1º de Mayo";Provincia del Chaco
Margarita Belén;"1º de Mayo";Provincia del Chaco
Quitilipi;Quitilipi;Provincia del Chaco
Villa El Palmar;Quitilipi;Provincia del Chaco
Barranqueras;San Fernando;Provincia del Chaco
Basail;San Fernando;Provincia del Chaco
Colonia Baranda;San Fernando;Provincia del Chaco
Fontana;San Fernando;Provincia del Chaco
Puerto Vilelas;San Fernando;Provincia del Chaco
Resistencia;San Fernando;Provincia del Chaco
Samuhú;San Lorenzo;Provincia del Chaco
Villa Berthet;San Lorenzo;Provincia del Chaco
Capitán Solari;Sargento Cabral;Provincia del Chaco
Colonia Elisa;Sargento Cabral;Provincia del Chaco
Colonias Unidas;Sargento Cabral;Provincia del Chaco
Ingeniero Barbet;Sargento Cabral;Provincia del Chaco
Las Garcitas;Sargento Cabral;Provincia del Chaco
Charadai;Tapenagá;Provincia del Chaco
Cote Lai;Tapenagá;Provincia del Chaco
Haumonia;Tapenagá;Provincia del Chaco
Horquilla;Tapenagá;Provincia del Chaco
La Sabana;Tapenagá;Provincia del Chaco
Colonia Aborigen;"25 de Mayo";Provincia del Chaco
Machagai;"25 de Mayo";Provincia del Chaco
Napalpí;"25 de Mayo";Provincia del Chaco
Arroyo Verde;Biedma;Provincia del Chubut
Puerto Madryn;Biedma;Provincia del Chubut
Puerto Pirámide;Biedma;Provincia del Chubut
Quinta El Mirador;Biedma;Provincia del Chubut
Buenos Aires Chico;Cushamen;Provincia del Chubut
Cholila;Cushamen;Provincia del Chubut
Cushamen Centro;Cushamen;Provincia del Chubut
El Hoyo;Cushamen;Provincia del Chubut
El Maitén;Cushamen;Provincia del Chubut
Epuyén;Cushamen;Provincia del Chubut
Gualjaina;Cushamen;Provincia del Chubut
Lago Epuyén;Cushamen;Provincia del Chubut
Lago Puelo;Cushamen;Provincia del Chubut
Leleque;Cushamen;Provincia del Chubut
Astra;Escalante;Provincia del Chubut
Bahía Bustamante;Escalante;Provincia del Chubut
Comodoro Rivadavia ;Escalante;Provincia del Chubut
Diadema Argentina;Escalante;Provincia del Chubut
Rada Tilly;Escalante;Provincia del Chubut
Camarones;Florentino Ameghino;Provincia del Chubut
Garayalde;Florentino Ameghino;Provincia del Chubut
Aldea Escolar;Futaleufú;Provincia del Chubut
Corcovado;Futaleufú;Provincia del Chubut
Esquel ;Futaleufú;Provincia del Chubut
Lago Rosario;Futaleufú;Provincia del Chubut
Los Cipreses;Futaleufú;Provincia del Chubut
Trevelín;Futaleufú;Provincia del Chubut
Villa Futalaufquen;Futaleufú;Provincia del Chubut
Dique Florentino Ameghino;Gaiman;Provincia del Chubut
Dolavon;Gaiman;Provincia del Chubut
Gaiman;Gaiman;Provincia del Chubut
"28 de Julio";Gaiman;Provincia del Chubut
Blancuntre;Gastre;Provincia del Chubut
El Escorial;Gastre;Provincia del Chubut
Gastre;Gastre;Provincia del Chubut
Lagunita Salada;Gastre;Provincia del Chubut
Yala Laubat;Gastre;Provincia del Chubut
Aldea Epulef;Languiñeo;Provincia del Chubut
Carrenleufú;Languiñeo;Provincia del Chubut
Colan Conhué;Languiñeo;Provincia del Chubut
Paso del Sapo;Languiñeo;Provincia del Chubut
Tecka;Languiñeo;Provincia del Chubut
El Mirasol;Mártires;Provincia del Chubut
Las Plumas;Mártires;Provincia del Chubut
Cerro Cóndor;Paso de Indios;Provincia del Chubut
Los Altares;Paso de Indios;Provincia del Chubut
Paso de Indios;Paso de Indios;Provincia del Chubut
Playa Magagna;Rawson;Provincia del Chubut
Playa Unión ;Rawson;Provincia del Chubut
Rawson;Rawson;Provincia del Chubut
Trelew;Rawson;Provincia del Chubut
Aldea Apeleg;Río Senguer;Provincia del Chubut
Aldea Beleiro;Río Senguer;Provincia del Chubut
Alto Río Senguer;Río Senguer;Provincia del Chubut
Doctor Ricardo Rojas;Río Senguer;Provincia del Chubut
Facundo;Río Senguer;Provincia del Chubut
Lago Blanco;Río Senguer;Provincia del Chubut
Río Mayo ;Río Senguer;Provincia del Chubut
Buen Pasto;Sarmiento;Provincia del Chubut
Sarmiento ;Sarmiento;Provincia del Chubut
Frontera de Río Pico;Tehuelches;Provincia del Chubut
Gobernador Costa;Tehuelches;Provincia del Chubut
José de San Martín;Tehuelches;Provincia del Chubut
Río Pico;Tehuelches;Provincia del Chubut
Gan Gan;Telsen;Provincia del Chubut
Telsen;Telsen;Provincia del Chubut
Amboy;Calamuchita;Provincia de Córdoba
Arroyo San Antonio;Calamuchita;Provincia de Córdoba
Cañada del Sauce;Calamuchita;Provincia de Córdoba
Capilla Vieja;Calamuchita;Provincia de Córdoba
El Corcovado - El Torreón;Calamuchita;Provincia de Córdoba
Embalse;Calamuchita;Provincia de Córdoba
La Cruz;Calamuchita;Provincia de Córdoba
La Cumbrecita;Calamuchita;Provincia de Córdoba
Las Bajadas;Calamuchita;Provincia de Córdoba
Las Caleras;Calamuchita;Provincia de Córdoba
Los Cóndores;Calamuchita;Provincia de Córdoba
Los Molinos;Calamuchita;Provincia de Córdoba
Los Reartes;Calamuchita;Provincia de Córdoba
Lutti;Calamuchita;Provincia de Córdoba
Monte Ralo;Calamuchita;Provincia de Córdoba
Parque Calmayo;Calamuchita;Provincia de Córdoba
Río de los Sauces;Calamuchita;Provincia de Córdoba
San Agustín;Calamuchita;Provincia de Córdoba
San Ignacio (Loteo San Javier);Calamuchita;Provincia de Córdoba
San Ignacio (Loteo Vélez Crespo);Calamuchita;Provincia de Córdoba
Santa Rosa de Calamuchita;Calamuchita;Provincia de Córdoba
Segunda Usina;Calamuchita;Provincia de Córdoba
Solar de los Molinos;Calamuchita;Provincia de Córdoba
Villa Alpina;Calamuchita;Provincia de Córdoba
Villa Amancay;Calamuchita;Provincia de Córdoba
Villa Berna;Calamuchita;Provincia de Córdoba
Villa Ciudad Parque Los Reartes (1a. Sección);Calamuchita;Provincia de Córdoba
Villa Ciudad Parque Los Reartes (3a. Sección);Calamuchita;Provincia de Córdoba
Villa del Dique;Calamuchita;Provincia de Córdoba
Villa El Tala;Calamuchita;Provincia de Córdoba
Villa General Belgrano;Calamuchita;Provincia de Córdoba
Villa La Rivera;Calamuchita;Provincia de Córdoba
Villa Quillinzo;Calamuchita;Provincia de Córdoba
Villa Rumipal;Calamuchita;Provincia de Córdoba
Villa San Miguel;Calamuchita;Provincia de Córdoba
Villa Yacanto;Calamuchita;Provincia de Córdoba
Córdoba;Capital;Provincia de Córdoba
Jardín Arenales;Capital;Provincia de Córdoba
Agua de Oro;Colón;Provincia de Córdoba
Ascochinga;Colón;Provincia de Córdoba
Canteras El Sauce;Colón;Provincia de Córdoba
Casa Bamba;Colón;Provincia de Córdoba
Colonia Caroya;Colón;Provincia de Córdoba
Colonia Tirolesa;Colón;Provincia de Córdoba
Colonia Vicente Agüero;Colón;Provincia de Córdoba
Corral Quemado;Colón;Provincia de Córdoba
Country Chacras de la Villa  - Country San Isidro;Colón;Provincia de Córdoba
El Diquecito;Colón;Provincia de Córdoba
El Manzano;Colón;Provincia de Córdoba
Estación Colonia Tirolesa ;Colón;Provincia de Córdoba
General Paz;Colón;Provincia de Córdoba
Jesús María;Colón;Provincia de Córdoba
La Calera;Colón;Provincia de Córdoba
La Granja;Colón;Provincia de Córdoba
La Puerta;Colón;Provincia de Córdoba
Los Molles;Colón;Provincia de Córdoba
Malvinas Argentinas;Colón;Provincia de Córdoba
Mendiolaza;Colón;Provincia de Córdoba
Mi Granja;Colón;Provincia de Córdoba
Pajas Blancas;Colón;Provincia de Córdoba
Río Ceballos;Colón;Provincia de Córdoba
Saldán;Colón;Provincia de Córdoba
Salsipuedes;Colón;Provincia de Córdoba
Santa Elena;Colón;Provincia de Córdoba
Tinoco;Colón;Provincia de Córdoba
Unquillo;Colón;Provincia de Córdoba
Villa Allende;Colón;Provincia de Córdoba
Villa Cerro Azul;Colón;Provincia de Córdoba
Villa El Fachinal - Parque Norte - Guiñazú Norte;Colón;Provincia de Córdoba
Villa Los Llanos;Colón;Provincia de Córdoba
Alto de los Quebrachos;Cruz del Eje;Provincia de Córdoba
Bañado de Soto;Cruz del Eje;Provincia de Córdoba
Canteras Quilpo;Cruz del Eje;Provincia de Córdoba
Cruz de Caña;Cruz del Eje;Provincia de Córdoba
Cruz del Eje;Cruz del Eje;Provincia de Córdoba
El Brete;Cruz del Eje;Provincia de Córdoba
El Rincón;Cruz del Eje;Provincia de Córdoba
Guanaco Muerto;Cruz del Eje;Provincia de Córdoba
La Banda;Cruz del Eje;Provincia de Córdoba
La Batea;Cruz del Eje;Provincia de Córdoba
La Higuera;Cruz del Eje;Provincia de Córdoba
Las Cañadas;Cruz del Eje;Provincia de Córdoba
Las Playas;Cruz del Eje;Provincia de Córdoba
Los Chañaritos;Cruz del Eje;Provincia de Córdoba
Media Naranja;Cruz del Eje;Provincia de Córdoba
Paso Viejo;Cruz del Eje;Provincia de Córdoba
San Marcos Sierra;Cruz del Eje;Provincia de Córdoba
Serrezuela;Cruz del Eje;Provincia de Córdoba
Tuclame;Cruz del Eje;Provincia de Córdoba
Villa de Soto;Cruz del Eje;Provincia de Córdoba
Del Campillo;General Roca;Provincia de Córdoba
Estación Lecueder;General Roca;Provincia de Córdoba
Hipólito Bouchard;General Roca;Provincia de Córdoba
Huinca Renancó;General Roca;Provincia de Córdoba
Italó;General Roca;Provincia de Córdoba
Mattaldi;General Roca;Provincia de Córdoba
Nicolás Bruzzone;General Roca;Provincia de Córdoba
Onagoity;General Roca;Provincia de Córdoba
Pincén;General Roca;Provincia de Córdoba
Ranqueles;General Roca;Provincia de Córdoba
Santa Magdalena (Est. Jovita);General Roca;Provincia de Córdoba
Villa Huidobro (Est. Cañada Verde);General Roca;Provincia de Córdoba
Villa Sarmiento;General Roca;Provincia de Córdoba
Villa Valeria;General Roca;Provincia de Córdoba
Arroyo Algodón;General San Martín;Provincia de Córdoba
Arroyo Cabral;General San Martín;Provincia de Córdoba
Ausonia;General San Martín;Provincia de Córdoba
Chazón;General San Martín;Provincia de Córdoba
Etruria;General San Martín;Provincia de Córdoba
La Laguna;General San Martín;Provincia de Córdoba
La Palestina;General San Martín;Provincia de Córdoba
La Playosa;General San Martín;Provincia de Córdoba
Las Mojarras;General San Martín;Provincia de Córdoba
Luca;General San Martín;Provincia de Córdoba
Pasco;General San Martín;Provincia de Córdoba
Sanabria;General San Martín;Provincia de Córdoba
Silvio Pellico;General San Martín;Provincia de Córdoba
Ticino;General San Martín;Provincia de Córdoba
Tío Pujio;General San Martín;Provincia de Córdoba
Villa Albertina;General San Martín;Provincia de Córdoba
Villa María;General San Martín;Provincia de Córdoba
Villa Nueva;General San Martín;Provincia de Córdoba
Villa Oeste;General San Martín;Provincia de Córdoba
Avellaneda;Ischilín;Provincia de Córdoba
Cañada de Río Pinto;Ischilín;Provincia de Córdoba
Chuña;Ischilín;Provincia de Córdoba
Copacabana;Ischilín;Provincia de Córdoba
Deán Funes;Ischilín;Provincia de Córdoba
Esquina del Alambre;Ischilín;Provincia de Córdoba
Los Chañaritos;Ischilín;Provincia de Córdoba
Los Pozos;Ischilín;Provincia de Córdoba
Olivares de San Nicolás;Ischilín;Provincia de Córdoba
Quilino;Ischilín;Provincia de Córdoba
San Pedro de Toyos;Ischilín;Provincia de Córdoba
Villa Gutiérrez;Ischilín;Provincia de Córdoba
Villa Quilino;Ischilín;Provincia de Córdoba
Alejandro Roca (Est. Alejandro);Juárez Celman;Provincia de Córdoba
Assunta;Juárez Celman;Provincia de Córdoba
Bengolea;Juárez Celman;Provincia de Córdoba
Carnerillo;Juárez Celman;Provincia de Córdoba
Charras;Juárez Celman;Provincia de Córdoba
El Rastreador;Juárez Celman;Provincia de Córdoba
General Cabrera;Juárez Celman;Provincia de Córdoba
General Deheza;Juárez Celman;Provincia de Córdoba
Huanchillas;Juárez Celman;Provincia de Córdoba
La Carlota;Juárez Celman;Provincia de Córdoba
Los Cisnes;Juárez Celman;Provincia de Córdoba
Olaeta;Juárez Celman;Provincia de Córdoba
Pacheco de Melo;Juárez Celman;Provincia de Córdoba
Paso del Durazno;Juárez Celman;Provincia de Córdoba
Santa Eufemia;Juárez Celman;Provincia de Córdoba
Ucacha;Juárez Celman;Provincia de Córdoba
Villa Reducción;Juárez Celman;Provincia de Córdoba
Alejo Ledesma;Marcos Juárez;Provincia de Córdoba
Arias;Marcos Juárez;Provincia de Córdoba
Camilo Aldao;Marcos Juárez;Provincia de Córdoba
Capitán General Bernardo OHiggins;Marcos Juárez;Provincia de Córdoba
Cavanagh;Marcos Juárez;Provincia de Córdoba
Colonia Barge;Marcos Juárez;Provincia de Córdoba
Colonia Italiana;Marcos Juárez;Provincia de Córdoba
Colonia Veinticinco;Marcos Juárez;Provincia de Córdoba
Corral de Bustos;Marcos Juárez;Provincia de Córdoba
Cruz Alta;Marcos Juárez;Provincia de Córdoba
General Baldissera;Marcos Juárez;Provincia de Córdoba
General Roca;Marcos Juárez;Provincia de Córdoba
Guatimozín;Marcos Juárez;Provincia de Córdoba
Inriville;Marcos Juárez;Provincia de Córdoba
Isla Verde;Marcos Juárez;Provincia de Córdoba
Leones;Marcos Juárez;Provincia de Córdoba
Los Surgentes;Marcos Juárez;Provincia de Córdoba
Marcos Juárez;Marcos Juárez;Provincia de Córdoba
Monte Buey;Marcos Juárez;Provincia de Córdoba
Noetinger;Marcos Juárez;Provincia de Córdoba
Saira;Marcos Juárez;Provincia de Córdoba
Saladillo;Marcos Juárez;Provincia de Córdoba
Villa Elisa;Marcos Juárez;Provincia de Córdoba
Ciénaga del Coro;Minas;Provincia de Córdoba
El Chacho;Minas;Provincia de Córdoba
Estancia de Guadalupe;Minas;Provincia de Córdoba
Guasapampa;Minas;Provincia de Córdoba
La Playa;Minas;Provincia de Córdoba
San Carlos Minas;Minas;Provincia de Córdoba
Talaini;Minas;Provincia de Córdoba
Tosno;Minas;Provincia de Córdoba
Chancani;Pocho;Provincia de Córdoba
Las Palmas;Pocho;Provincia de Córdoba
Los Talares;Pocho;Provincia de Córdoba
Salsacate;Pocho;Provincia de Córdoba
San Gerónimo;Pocho;Provincia de Córdoba
Tala Cañada;Pocho;Provincia de Córdoba
Taninga;Pocho;Provincia de Córdoba
Villa de Pocho;Pocho;Provincia de Córdoba
General Levalle;Presidente Roque Sáenz Peña;Provincia de Córdoba
La Cesira;Presidente Roque Sáenz Peña;Provincia de Córdoba
Laboulaye;Presidente Roque Sáenz Peña;Provincia de Córdoba
Leguizamón;Presidente Roque Sáenz Peña;Provincia de Córdoba
Melo;Presidente Roque Sáenz Peña;Provincia de Córdoba
Río Bamba;Presidente Roque Sáenz Peña;Provincia de Córdoba
Rosales;Presidente Roque Sáenz Peña;Provincia de Córdoba
San Joaquín;Presidente Roque Sáenz Peña;Provincia de Córdoba
Serrano;Presidente Roque Sáenz Peña;Provincia de Córdoba
Villa Rossi;Presidente Roque Sáenz Peña;Provincia de Córdoba
Barrio Santa Isabel;Punilla;Provincia de Córdoba
Bialet Massé;Punilla;Provincia de Córdoba
Cabalango;Punilla;Provincia de Córdoba
Capilla del Monte;Punilla;Provincia de Córdoba
Casa Grande;Punilla;Provincia de Córdoba
Charbonier;Punilla;Provincia de Córdoba
Cosquín;Punilla;Provincia de Córdoba
Cuesta Blanca;Punilla;Provincia de Córdoba
Estancia Vieja;Punilla;Provincia de Córdoba
Huerta Grande;Punilla;Provincia de Córdoba
La Cumbre;Punilla;Provincia de Córdoba
La Falda;Punilla;Provincia de Córdoba
Las Jarillas;Punilla;Provincia de Córdoba
Los Cocos;Punilla;Provincia de Córdoba
Mallín;Punilla;Provincia de Córdoba
Mayu Sumaj;Punilla;Provincia de Córdoba
Quebrada de Luna;Punilla;Provincia de Córdoba
San Antonio de Arredondo;Punilla;Provincia de Córdoba
San Esteban;Punilla;Provincia de Córdoba
San Roque ;Punilla;Provincia de Córdoba
Santa María de Punilla;Punilla;Provincia de Córdoba
Tala Huasi;Punilla;Provincia de Córdoba
Tanti;Punilla;Provincia de Córdoba
Valle Hermoso;Punilla;Provincia de Córdoba
Villa Carlos Paz;Punilla;Provincia de Córdoba
Villa Flor Serrana;Punilla;Provincia de Córdoba
Villa Giardino;Punilla;Provincia de Córdoba
Villa Lago Azul;Punilla;Provincia de Córdoba
Villa Parque Siquimán;Punilla;Provincia de Córdoba
Villa Río Icho Cruz;Punilla;Provincia de Córdoba
Villa San José;Punilla;Provincia de Córdoba
Villa Santa Cruz del Lago;Punilla;Provincia de Córdoba
Achiras;Río Cuarto;Provincia de Córdoba
Adelia María;Río Cuarto;Provincia de Córdoba
Alcira (Est. Gigena);Río Cuarto;Provincia de Córdoba
Alpa Corral;Río Cuarto;Provincia de Córdoba
Berrotarán;Río Cuarto;Provincia de Córdoba
Bulnes;Río Cuarto;Provincia de Córdoba
Chaján;Río Cuarto;Provincia de Córdoba
Chucul;Río Cuarto;Provincia de Córdoba
Coronel Baigorria;Río Cuarto;Provincia de Córdoba
Coronel Moldes;Río Cuarto;Provincia de Córdoba
Elena;Río Cuarto;Provincia de Córdoba
La Carolina;Río Cuarto;Provincia de Córdoba
La Cautiva;Río Cuarto;Provincia de Córdoba
La Gilda;Río Cuarto;Provincia de Córdoba
Las Acequias;Río Cuarto;Provincia de Córdoba
Las Albahacas;Río Cuarto;Provincia de Córdoba
Las Higueras;Río Cuarto;Provincia de Córdoba
Las Peñas;Río Cuarto;Provincia de Córdoba
Las Vertientes;Río Cuarto;Provincia de Córdoba
Malena;Río Cuarto;Provincia de Córdoba
Monte de los Gauchos;Río Cuarto;Provincia de Córdoba
Paso del Durazno;Río Cuarto;Provincia de Córdoba
Río Cuarto;Río Cuarto;Provincia de Córdoba
Sampacho;Río Cuarto;Provincia de Córdoba
San Basilio;Río Cuarto;Provincia de Córdoba
Santa Catalina (Est. Holmberg);Río Cuarto;Provincia de Córdoba
Suco;Río Cuarto;Provincia de Córdoba
Tosquitas;Río Cuarto;Provincia de Córdoba
Vicuña Mackenna;Río Cuarto;Provincia de Córdoba
Villa El Chacay;Río Cuarto;Provincia de Córdoba
Villa Santa Eugenia;Río Cuarto;Provincia de Córdoba
Washington;Río Cuarto;Provincia de Córdoba
Atahona;Río Primero;Provincia de Córdoba
Cañada de Machado;Río Primero;Provincia de Córdoba
Capilla de los Remedios;Río Primero;Provincia de Córdoba
Chalacea;Río Primero;Provincia de Córdoba
Colonia Las Cuatro Esquinas;Río Primero;Provincia de Córdoba
Diego de Rojas;Río Primero;Provincia de Córdoba
El Alcalde (Est. Tala Norte);Río Primero;Provincia de Córdoba
El Crispín;Río Primero;Provincia de Córdoba
Esquina;Río Primero;Provincia de Córdoba
Kilómetro 658;Río Primero;Provincia de Córdoba
La Para;Río Primero;Provincia de Córdoba
La Posta;Río Primero;Provincia de Córdoba
La Puerta;Río Primero;Provincia de Córdoba
La Quinta;Río Primero;Provincia de Córdoba
Las Gramillas;Río Primero;Provincia de Córdoba
Las Saladas;Río Primero;Provincia de Córdoba
Maquinista Gallini;Río Primero;Provincia de Córdoba
Monte del Rosario;Río Primero;Provincia de Córdoba
Montecristo;Río Primero;Provincia de Córdoba
Obispo Trejo;Río Primero;Provincia de Córdoba
Piquillín;Río Primero;Provincia de Córdoba
Plaza de Mercedes;Río Primero;Provincia de Córdoba
Pueblo Comechingones;Río Primero;Provincia de Córdoba
Río Primero;Río Primero;Provincia de Córdoba
Sagrada Familia;Río Primero;Provincia de Córdoba
Santa Rosa de Río Primero (Est. Villa Santa Rosa);Río Primero;Provincia de Córdoba
Villa Fontana;Río Primero;Provincia de Córdoba
Cerro Colorado;Río Seco;Provincia de Córdoba
Chañar Viejo;Río Seco;Provincia de Córdoba
Eufrasio Loza;Río Seco;Provincia de Córdoba
Gütemberg;Río Seco;Provincia de Córdoba
La Rinconada;Río Seco;Provincia de Córdoba
Los Hoyos;Río Seco;Provincia de Córdoba
Puesto de Castro;Río Seco;Provincia de Córdoba
Rayo Cortado;Río Seco;Provincia de Córdoba
San Pedro de Gütemberg;Río Seco;Provincia de Córdoba
Santa Elena;Río Seco;Provincia de Córdoba
Sebastián Elcano;Río Seco;Provincia de Córdoba
Villa Candelaria Norte;Río Seco;Provincia de Córdoba
Villa de María;Río Seco;Provincia de Córdoba
Calchín;Río Segundo;Provincia de Córdoba
Calchín Oeste;Río Segundo;Provincia de Córdoba
Capilla del Carmen;Río Segundo;Provincia de Córdoba
Carrilobo;Río Segundo;Provincia de Córdoba
Colazo;Río Segundo;Provincia de Córdoba
Colonia Videla;Río Segundo;Provincia de Córdoba
Costasacate;Río Segundo;Provincia de Córdoba
Impira;Río Segundo;Provincia de Córdoba
Laguna Larga;Río Segundo;Provincia de Córdoba
Las Junturas;Río Segundo;Provincia de Córdoba
Los Chañaritos;Río Segundo;Provincia de Córdoba
Luque;Río Segundo;Provincia de Córdoba
Manfredi;Río Segundo;Provincia de Córdoba
Matorrales;Río Segundo;Provincia de Córdoba
Oncativo;Río Segundo;Provincia de Córdoba
Pilar;Río Segundo;Provincia de Córdoba
Pozo del Molle;Río Segundo;Provincia de Córdoba
Rincón;Río Segundo;Provincia de Córdoba
Río Segundo;Río Segundo;Provincia de Córdoba
Santiago Temple;Río Segundo;Provincia de Córdoba
Villa del Rosario;Río Segundo;Provincia de Córdoba
Ambul;San Alberto;Provincia de Córdoba
Arroyo Los Patos;San Alberto;Provincia de Córdoba
El Huayco;San Alberto;Provincia de Córdoba
La Cortadera;San Alberto;Provincia de Córdoba
Las Calles;San Alberto;Provincia de Córdoba
Las Oscuras;San Alberto;Provincia de Córdoba
Las Rabonas;San Alberto;Provincia de Córdoba
Los Callejones;San Alberto;Provincia de Córdoba
Mina Clavero;San Alberto;Provincia de Córdoba
Mussi;San Alberto;Provincia de Córdoba
Nono;San Alberto;Provincia de Córdoba
Panaholma;San Alberto;Provincia de Córdoba
San Huberto;San Alberto;Provincia de Córdoba
San Lorenzo;San Alberto;Provincia de Córdoba
San Martín;San Alberto;Provincia de Córdoba
San Pedro;San Alberto;Provincia de Córdoba
San Vicente;San Alberto;Provincia de Córdoba
Sauce Arriba;San Alberto;Provincia de Córdoba
Tasna;San Alberto;Provincia de Córdoba
Villa Cura Brochero;San Alberto;Provincia de Córdoba
Villa Sarmiento;San Alberto;Provincia de Córdoba
Conlara;San Javier;Provincia de Córdoba
Corralito;San Javier;Provincia de Córdoba
Cruz Caña;San Javier;Provincia de Córdoba
Dos Arroyos;San Javier;Provincia de Córdoba
El Pantanillo;San Javier;Provincia de Córdoba
La Paz;San Javier;Provincia de Córdoba
La Población;San Javier;Provincia de Córdoba
La Ramada;San Javier;Provincia de Córdoba
La Travesía;San Javier;Provincia de Córdoba
Las Tapias ;San Javier;Provincia de Córdoba
Los Cerrillos;San Javier;Provincia de Córdoba
Los Hornillos;San Javier;Provincia de Córdoba
Los Molles;San Javier;Provincia de Córdoba
Los Romeros;San Javier;Provincia de Córdoba
Luyaba;San Javier;Provincia de Córdoba
Quebrada de los Pozos;San Javier;Provincia de Córdoba
San Javier y Yacanto;San Javier;Provincia de Córdoba
San José;San Javier;Provincia de Córdoba
Villa de las Rosas;San Javier;Provincia de Córdoba
Villa Dolores;San Javier;Provincia de Córdoba
Villa La Viña;San Javier;Provincia de Córdoba
Alicia;San Justo;Provincia de Córdoba
Altos de Chipión;San Justo;Provincia de Córdoba
Arroyito;San Justo;Provincia de Córdoba
Balnearia;San Justo;Provincia de Córdoba
Brinkmann;San Justo;Provincia de Córdoba
Colonia Anita;San Justo;Provincia de Córdoba
Colonia 10 de Julio;San Justo;Provincia de Córdoba
Colonia Las Pichanas;San Justo;Provincia de Córdoba
Colonia Marina;San Justo;Provincia de Córdoba
Colonia Prosperidad;San Justo;Provincia de Córdoba
Colonia San Bartolomé;San Justo;Provincia de Córdoba
Colonia San Pedro;San Justo;Provincia de Córdoba
Colonia Santa María;San Justo;Provincia de Córdoba
Colonia Valtelina;San Justo;Provincia de Córdoba
Colonia Vignaud;San Justo;Provincia de Córdoba
Devoto;San Justo;Provincia de Córdoba
El Arañado;San Justo;Provincia de Córdoba
El Fortín;San Justo;Provincia de Córdoba
El Fuertecito;San Justo;Provincia de Córdoba
El Tío;San Justo;Provincia de Córdoba
Estación Luxardo;San Justo;Provincia de Córdoba
Freyre;San Justo;Provincia de Córdoba
La Francia;San Justo;Provincia de Córdoba
La Paquita;San Justo;Provincia de Córdoba
La Tordilla;San Justo;Provincia de Córdoba
Las Varas;San Justo;Provincia de Córdoba
Las Varillas;San Justo;Provincia de Córdoba
Marull;San Justo;Provincia de Córdoba
Miramar;San Justo;Provincia de Córdoba
Morteros;San Justo;Provincia de Córdoba
Plaza Luxardo;San Justo;Provincia de Córdoba
Plaza San Francisco;San Justo;Provincia de Córdoba
Porteña;San Justo;Provincia de Córdoba
Quebracho Herrado;San Justo;Provincia de Córdoba
Sacanta;San Justo;Provincia de Córdoba
San Francisco;San Justo;Provincia de Córdoba
Saturnino María Laspiur;San Justo;Provincia de Córdoba
Seeber;San Justo;Provincia de Córdoba
Toro Pujio;San Justo;Provincia de Córdoba
Tránsito;San Justo;Provincia de Córdoba
Trinchera;San Justo;Provincia de Córdoba
Villa Concepción del Tío;San Justo;Provincia de Córdoba
Villa del Tránsito;San Justo;Provincia de Córdoba
Villa San Esteban;San Justo;Provincia de Córdoba
Alta Gracia;Santa María;Provincia de Córdoba
Anisacate;Santa María;Provincia de Córdoba
Barrio Gilbert;Santa María;Provincia de Córdoba
Barrio Villa del Parque ;Santa María;Provincia de Córdoba
Bouwer;Santa María;Provincia de Córdoba
Caseros Centro;Santa María;Provincia de Córdoba
Costa Azul;Santa María;Provincia de Córdoba
Despeñaderos (Est. Dr. Lucas A. de Olmos);Santa María;Provincia de Córdoba
Dique Chico;Santa María;Provincia de Córdoba
Falda del Cañete;Santa María;Provincia de Córdoba
Falda del Carmen;Santa María;Provincia de Córdoba
La Boca del Río;Santa María;Provincia de Córdoba
La Carbonada;Santa María;Provincia de Córdoba
La Cumbrecita;Santa María;Provincia de Córdoba
La Paisanita;Santa María;Provincia de Córdoba
La Perla;Santa María;Provincia de Córdoba
La Rancherita;Santa María;Provincia de Córdoba
La Serranita;Santa María;Provincia de Córdoba
Los Cedros;Santa María;Provincia de Córdoba
Lozada;Santa María;Provincia de Córdoba
Malagueño;Santa María;Provincia de Córdoba
Monte Ralo;Santa María;Provincia de Córdoba
Potrero de Garay;Santa María;Provincia de Córdoba
Rafael García;Santa María;Provincia de Córdoba
San Clemente;Santa María;Provincia de Córdoba
San Nicolás;Santa María;Provincia de Córdoba
Socavones;Santa María;Provincia de Córdoba
Toledo;Santa María;Provincia de Córdoba
Valle Alegre;Santa María;Provincia de Córdoba
Valle de Anisacate;Santa María;Provincia de Córdoba
Villa Ciudad de América (Loteo Diego de Rojas);Santa María;Provincia de Córdoba
Villa del Prado;Santa María;Provincia de Córdoba
Villa  La Bolsa;Santa María;Provincia de Córdoba
Villa  Los Aromos;Santa María;Provincia de Córdoba
Villa Parque Santa Ana;Santa María;Provincia de Córdoba
Villa San Isidro ;Santa María;Provincia de Córdoba
Villa Sierras De Oro;Santa María;Provincia de Córdoba
Yocsina;Santa María;Provincia de Córdoba
Caminiaga;Sobremonte;Provincia de Córdoba
Cerro Colorado;Sobremonte;Provincia de Córdoba
Chuña Huasi;Sobremonte;Provincia de Córdoba
Pozo Nuevo;Sobremonte;Provincia de Córdoba
San Francisco del Chañar;Sobremonte;Provincia de Córdoba
Almafuerte;Tercero Arriba;Provincia de Córdoba
Colonia Almada;Tercero Arriba;Provincia de Córdoba
Corralito;Tercero Arriba;Provincia de Córdoba
Dalmacio Vélez ;Tercero Arriba;Provincia de Córdoba
General Fotheringham;Tercero Arriba;Provincia de Córdoba
Hernando;Tercero Arriba;Provincia de Córdoba
James Craik;Tercero Arriba;Provincia de Córdoba
Las Isletillas;Tercero Arriba;Provincia de Córdoba
Las Perdices;Tercero Arriba;Provincia de Córdoba
Los Zorros;Tercero Arriba;Provincia de Córdoba
Oliva;Tercero Arriba;Provincia de Córdoba
Pampayasta Norte;Tercero Arriba;Provincia de Córdoba
Pampayasta Sur;Tercero Arriba;Provincia de Córdoba
Punta del Agua;Tercero Arriba;Provincia de Córdoba
Río Tercero;Tercero Arriba;Provincia de Córdoba
Tancacha;Tercero Arriba;Provincia de Córdoba
Villa Ascasubi;Tercero Arriba;Provincia de Córdoba
Candelaria Sur;Totoral;Provincia de Córdoba
Cañada de Luque;Totoral;Provincia de Córdoba
Capilla de Sitón;Totoral;Provincia de Córdoba
La Pampa;Totoral;Provincia de Córdoba
La Paz;Totoral;Provincia de Córdoba
Las Peñas;Totoral;Provincia de Córdoba
Los Mistoles;Totoral;Provincia de Córdoba
Santa Catalina;Totoral;Provincia de Córdoba
Sarmiento;Totoral;Provincia de Córdoba
Simbolar;Totoral;Provincia de Córdoba
Sinsacate;Totoral;Provincia de Córdoba
Villa del Totoral;Totoral;Provincia de Córdoba
Cerro Colorado;Tulumba;Provincia de Córdoba
Churqui Cañada;Tulumba;Provincia de Córdoba
El Rodeo;Tulumba;Provincia de Córdoba
El Tuscal;Tulumba;Provincia de Córdoba
Las Arrias;Tulumba;Provincia de Córdoba
Lucio V. Mansilla;Tulumba;Provincia de Córdoba
Rosario del Saladillo;Tulumba;Provincia de Córdoba
San José de la Dormida;Tulumba;Provincia de Córdoba
San José de las Salinas;Tulumba;Provincia de Córdoba
San Pedro Norte;Tulumba;Provincia de Córdoba
Villa Tulumba;Tulumba;Provincia de Córdoba
Aldea Santa María;Unión;Provincia de Córdoba
Alto Alegre;Unión;Provincia de Córdoba
Ana Zumarán;Unión;Provincia de Córdoba
Ballesteros;Unión;Provincia de Córdoba
Ballesteros Sur;Unión;Provincia de Córdoba
Bell Ville;Unión;Provincia de Córdoba
Benjamín Gould;Unión;Provincia de Córdoba
Canals;Unión;Provincia de Córdoba
Chilibroste;Unión;Provincia de Córdoba
Cintra;Unión;Provincia de Córdoba
Colonia Bismarck;Unión;Provincia de Córdoba
Colonia Bremen;Unión;Provincia de Córdoba
Idiazabal;Unión;Provincia de Córdoba
Justiniano Posse;Unión;Provincia de Córdoba
Laborde;Unión;Provincia de Córdoba
Monte Leña;Unión;Provincia de Córdoba
Monte Maíz;Unión;Provincia de Córdoba
Morrison;Unión;Provincia de Córdoba
Noetinger;Unión;Provincia de Córdoba
Ordoñez;Unión;Provincia de Córdoba
Pascanas;Unión;Provincia de Córdoba
Pueblo Italiano;Unión;Provincia de Córdoba
Ramón J. Cárcano;Unión;Provincia de Córdoba
San Antonio de Litín;Unión;Provincia de Córdoba
San Marcos;Unión;Provincia de Córdoba
San Severo;Unión;Provincia de Córdoba
Viamonte;Unión;Provincia de Córdoba
Villa Los Patos;Unión;Provincia de Córdoba
Wenceslao Escalante;Unión;Provincia de Córdoba
Bella Vista;Bella Vista;Provincia de Corrientes
Berón de Astrada;Berón de Astrada;Provincia de Corrientes
Yahapé;Berón de Astrada;Provincia de Corrientes
Barrio Esperanza;Capital;Provincia de Corrientes
Corrientes;Capital;Provincia de Corrientes
Laguna Brava;Capital;Provincia de Corrientes
Riachuelo;Capital;Provincia de Corrientes
San Cayetano;Capital;Provincia de Corrientes
Concepción;Concepción;Provincia de Corrientes
Santa Rosa;Concepción;Provincia de Corrientes
Tabay;Concepción;Provincia de Corrientes
Cazadores Correntinos;Curuzú Cuatiá;Provincia de Corrientes
Curuzú Cuatiá;Curuzú Cuatiá;Provincia de Corrientes
Perugorría;Curuzú Cuatiá;Provincia de Corrientes
El Sombrero;Empedrado;Provincia de Corrientes
Empedrado;Empedrado;Provincia de Corrientes
Esquina;Esquina;Provincia de Corrientes
Alvear;General Alvear;Provincia de Corrientes
Estación Torrent;General Alvear;Provincia de Corrientes
Itá Ibaté;General Paz;Provincia de Corrientes
Lomas de Vallejos;General Paz;Provincia de Corrientes
Nuestra Señora del Rosario de Caá Catí ;General Paz;Provincia de Corrientes
Palmar Grande;General Paz;Provincia de Corrientes
Colonia Carolina;Goya;Provincia de Corrientes
Goya;Goya;Provincia de Corrientes
Itatí;Itatí;Provincia de Corrientes
Ramada Paso;Itatí;Provincia de Corrientes
Colonia Liebigs;Ituzaingó;Provincia de Corrientes
Ituzaingó;Ituzaingó;Provincia de Corrientes
San Antonio;Ituzaingó;Provincia de Corrientes
San Carlos;Ituzaingó;Provincia de Corrientes
Villa Olivari;Ituzaingó;Provincia de Corrientes
Cruz de los Milagros;Lavalle;Provincia de Corrientes
Gobernador Juan E. Martínez;Lavalle;Provincia de Corrientes
Lavalle;Lavalle;Provincia de Corrientes
Santa Lucía;Lavalle;Provincia de Corrientes
Villa Córdoba;Lavalle;Provincia de Corrientes
Mburucuyá;Mburucuyá;Provincia de Corrientes
Felipe Yofré;Mercedes;Provincia de Corrientes
Mariano I. Loza (Est. Justino Solari);Mercedes;Provincia de Corrientes
Mercedes;Mercedes;Provincia de Corrientes
Colonia Libertad;Monte Caseros;Provincia de Corrientes
Estación Libertad;Monte Caseros;Provincia de Corrientes
Juan Pujol;Monte Caseros;Provincia de Corrientes
Mocoretá;Monte Caseros;Provincia de Corrientes
Monte Caseros;Monte Caseros;Provincia de Corrientes
Parada Acuña;Monte Caseros;Provincia de Corrientes
Bonpland;Paso de los Libres;Provincia de Corrientes
Parada Pucheta;Paso de los Libres;Provincia de Corrientes
Paso de los Libres;Paso de los Libres;Provincia de Corrientes
Tapebicuá;Paso de los Libres;Provincia de Corrientes
Saladas;Saladas;Provincia de Corrientes
San Lorenzo;Saladas;Provincia de Corrientes
Ingenio Primer Correntino;San Cosme;Provincia de Corrientes
Paso de la Patria;San Cosme;Provincia de Corrientes
San Cosme;San Cosme;Provincia de Corrientes
Santa Ana;San Cosme;Provincia de Corrientes
San Luis del Palmar;San Luis del Palmar;Provincia de Corrientes
Colonia Carlos Pellegrini;San Martín;Provincia de Corrientes
Guaviraví;San Martín;Provincia de Corrientes
La Cruz;San Martín;Provincia de Corrientes
Yapeyú;San Martín;Provincia de Corrientes
Loreto;San Miguel;Provincia de Corrientes
San Miguel;San Miguel;Provincia de Corrientes
Chavarría;San Roque;Provincia de Corrientes
Colonia Pando;San Roque;Provincia de Corrientes
"9 de Julio (Est. Pueblo 9 de Julio)";San Roque;Provincia de Corrientes
Pedro R. Fernández (Est. Manuel F. Mantilla);San Roque;Provincia de Corrientes
San Roque;San Roque;Provincia de Corrientes
José Rafael Gómez (Garabí);Santo Tomé;Provincia de Corrientes
Garruchos;Santo Tomé;Provincia de Corrientes
Gobernador Igr. Valentín Virasoro ;Santo Tomé;Provincia de Corrientes
Santo Tomé;Santo Tomé;Provincia de Corrientes
Sauce;Sauce;Provincia de Corrientes
Arroyo Barú;Colón;Provincia de Entre Ríos
Colón;Colón;Provincia de Entre Ríos
Colonia Hugues;Colón;Provincia de Entre Ríos
Hambis;Colón;Provincia de Entre Ríos
Hocker;Colón;Provincia de Entre Ríos
La Clarita;Colón;Provincia de Entre Ríos
Pueblo Cazes;Colón;Provincia de Entre Ríos
Pueblo Liebigs;Colón;Provincia de Entre Ríos
San José;Colón;Provincia de Entre Ríos
Ubajay;Colón;Provincia de Entre Ríos
Villa  Elisa;Colón;Provincia de Entre Ríos
Calabacilla;Concordia;Provincia de Entre Ríos
Clodomiro Ledesma ;Concordia;Provincia de Entre Ríos
Colonia Ayuí;Concordia;Provincia de Entre Ríos
Colonia General Roca;Concordia;Provincia de Entre Ríos
Colonia Yeruá;Concordia;Provincia de Entre Ríos
Concordia;Concordia;Provincia de Entre Ríos
El Redomón;Concordia;Provincia de Entre Ríos
Estación Yeruá;Concordia;Provincia de Entre Ríos
La Criolla;Concordia;Provincia de Entre Ríos
Los Charrúas;Concordia;Provincia de Entre Ríos
Nueva Escocia;Concordia;Provincia de Entre Ríos
Osvaldo Magnasco;Concordia;Provincia de Entre Ríos
Pedernal;Concordia;Provincia de Entre Ríos
Puerto Yeruá;Concordia;Provincia de Entre Ríos
Aldea Brasilera;Diamante;Provincia de Entre Ríos
Aldea Protestante;Diamante;Provincia de Entre Ríos
Aldea Salto;Diamante;Provincia de Entre Ríos
Aldea San Francisco;Diamante;Provincia de Entre Ríos
Aldea Spatzenkutter;Diamante;Provincia de Entre Ríos
Aldea Valle María;Diamante;Provincia de Entre Ríos
Colonia Ensayo;Diamante;Provincia de Entre Ríos
Diamante;Diamante;Provincia de Entre Ríos
Estación Camps;Diamante;Provincia de Entre Ríos
General Alvear;Diamante;Provincia de Entre Ríos
General Racedo;Diamante;Provincia de Entre Ríos
General Ramírez;Diamante;Provincia de Entre Ríos
Paraje La Virgen;Diamante;Provincia de Entre Ríos
Puerto Las Cuevas;Diamante;Provincia de Entre Ríos
Villa Libertador San Martín;Diamante;Provincia de Entre Ríos
Chajarí;Federación;Provincia de Entre Ríos
Colonia Alemana;Federación;Provincia de Entre Ríos
Colonia Ensanche Sauce;Federación;Provincia de Entre Ríos
Colonia La Argentina;Federación;Provincia de Entre Ríos
Colonia Peña;Federación;Provincia de Entre Ríos
Colonia Santa María;Federación;Provincia de Entre Ríos
Federación;Federación;Provincia de Entre Ríos
Los Conquistadores;Federación;Provincia de Entre Ríos
San Jaime de la Frontera;Federación;Provincia de Entre Ríos
San Pedro;Federación;Provincia de Entre Ríos
Santa Ana;Federación;Provincia de Entre Ríos
Villa del Rosario;Federación;Provincia de Entre Ríos
Conscripto Bernardi;Federal;Provincia de Entre Ríos
El Cimarrón;Federal;Provincia de Entre Ríos
Federal;Federal;Provincia de Entre Ríos
Nueva Vizcaya;Federal;Provincia de Entre Ríos
Sauce de Luna;Federal;Provincia de Entre Ríos
San José de Feliciano;Feliciano;Provincia de Entre Ríos
San Víctor ;Feliciano;Provincia de Entre Ríos
Aldea Asunción;Gualeguay;Provincia de Entre Ríos
Estación Lazo;Gualeguay;Provincia de Entre Ríos
General Galarza;Gualeguay;Provincia de Entre Ríos
Gualeguay;Gualeguay;Provincia de Entre Ríos
Puerto Ruiz;Gualeguay;Provincia de Entre Ríos
Aldea San Antonio;Gualeguaychú;Provincia de Entre Ríos
Aldea San Juan;Gualeguaychú;Provincia de Entre Ríos
Enrique Carbó;Gualeguaychú;Provincia de Entre Ríos
Faustino M. Parera ;Gualeguaychú;Provincia de Entre Ríos
General Almada;Gualeguaychú;Provincia de Entre Ríos
Gilbert;Gualeguaychú;Provincia de Entre Ríos
Gualeguaychú;Gualeguaychú;Provincia de Entre Ríos
Irazusta;Gualeguaychú;Provincia de Entre Ríos
Larroque;Gualeguaychú;Provincia de Entre Ríos
Pueblo General Belgrano;Gualeguaychú;Provincia de Entre Ríos
Urdinarrain;Gualeguaychú;Provincia de Entre Ríos
Arroyo Martínez;Islas del Ibicuy;Provincia de Entre Ríos
Ceibas;Islas del Ibicuy;Provincia de Entre Ríos
Ibicuy;Islas del Ibicuy;Provincia de Entre Ríos
Médanos;Islas del Ibicuy;Provincia de Entre Ríos
Ñancay;Islas del Ibicuy;Provincia de Entre Ríos
Villa Paranacito;Islas del Ibicuy;Provincia de Entre Ríos
Bovril;La Paz;Provincia de Entre Ríos
Colonia Avigdor;La Paz;Provincia de Entre Ríos
El Solar;La Paz;Provincia de Entre Ríos
La Paz;La Paz;Provincia de Entre Ríos
Piedras Blancas;La Paz;Provincia de Entre Ríos
Pueblo Arrúa;La Paz;Provincia de Entre Ríos
San Gustavo ;La Paz;Provincia de Entre Ríos
Santa Elena;La Paz;Provincia de Entre Ríos
Sir Leonard;La Paz;Provincia de Entre Ríos
Aranguren;Nogoyá;Provincia de Entre Ríos
Betbeder;Nogoyá;Provincia de Entre Ríos
Don Cristóbal;Nogoyá;Provincia de Entre Ríos
Febré;Nogoyá;Provincia de Entre Ríos
Hernández;Nogoyá;Provincia de Entre Ríos
Lucas González;Nogoyá;Provincia de Entre Ríos
Nogoyá;Nogoyá;Provincia de Entre Ríos
XX de Setiembre;Nogoyá;Provincia de Entre Ríos
Aldea María Luisa;Paraná;Provincia de Entre Ríos
Aldea San Rafael;Paraná;Provincia de Entre Ríos
Aldea Santa María;Paraná;Provincia de Entre Ríos
Aldea Santa Rosa;Paraná;Provincia de Entre Ríos
Cerrito;Paraná;Provincia de Entre Ríos
Colonia Avellaneda;Paraná;Provincia de Entre Ríos
Crespo;Paraná;Provincia de Entre Ríos
El Palenque;Paraná;Provincia de Entre Ríos
El Pingo;Paraná;Provincia de Entre Ríos
Hasenkamp;Paraná;Provincia de Entre Ríos
Hernandarias;Paraná;Provincia de Entre Ríos
La Picada;Paraná;Provincia de Entre Ríos
Las Tunas ;Paraná;Provincia de Entre Ríos
María Grande;Paraná;Provincia de Entre Ríos
Oro Verde;Paraná;Provincia de Entre Ríos
Paraná;Paraná;Provincia de Entre Ríos
Pueblo Bellocq (Est. Las Garzas) ;Paraná;Provincia de Entre Ríos
Pueblo Brugo;Paraná;Provincia de Entre Ríos
Pueblo General San Martín;Paraná;Provincia de Entre Ríos
San Benito;Paraná;Provincia de Entre Ríos
Sauce Montrull;Paraná;Provincia de Entre Ríos
Sauce Pinto ;Paraná;Provincia de Entre Ríos
Seguí;Paraná;Provincia de Entre Ríos
Sosa;Paraná;Provincia de Entre Ríos
Tabossi;Paraná;Provincia de Entre Ríos
Tezanos Pinto;Paraná;Provincia de Entre Ríos
Viale;Paraná;Provincia de Entre Ríos
Villa Fontana;Paraná;Provincia de Entre Ríos
Villa Gdor. Luis F. Etchevehere;Paraná;Provincia de Entre Ríos
Villa Urquiza;Paraná;Provincia de Entre Ríos
General Campos;San Salvador;Provincia de Entre Ríos
San Salvador;San Salvador;Provincia de Entre Ríos
Altamirano Sur ;Tala;Provincia de Entre Ríos
Durazno;Tala;Provincia de Entre Ríos
Estación Arroyo Clé;Tala;Provincia de Entre Ríos
Gobernador Echagüe;Tala;Provincia de Entre Ríos
Gobernador Mansilla;Tala;Provincia de Entre Ríos
Gobernador Solá;Tala;Provincia de Entre Ríos
Guardamonte;Tala;Provincia de Entre Ríos
Las Guachas;Tala;Provincia de Entre Ríos
Maciá;Tala;Provincia de Entre Ríos
Rosario del Tala;Tala;Provincia de Entre Ríos
Basavilbaso;Uruguay;Provincia de Entre Ríos
Caseros;Uruguay;Provincia de Entre Ríos
Colonia Elía;Uruguay;Provincia de Entre Ríos
Concepción del Uruguay;Uruguay;Provincia de Entre Ríos
Estancia San Pedro;Uruguay;Provincia de Entre Ríos
Herrera;Uruguay;Provincia de Entre Ríos
Las Moscas;Uruguay;Provincia de Entre Ríos
Líbaros;Uruguay;Provincia de Entre Ríos
"1º de Mayo";Uruguay;Provincia de Entre Ríos
Pronunciamiento;Uruguay;Provincia de Entre Ríos
Rocamora;Uruguay;Provincia de Entre Ríos
Santa Anita;Uruguay;Provincia de Entre Ríos
Villa Mantero;Uruguay;Provincia de Entre Ríos
Villa San Justo;Uruguay;Provincia de Entre Ríos
Villa San Marcial (Est. Gobernador Urquiza);Uruguay;Provincia de Entre Ríos
Antelo;Victoria;Provincia de Entre Ríos
Charigüé;Victoria;Provincia de Entre Ríos
Laguna del Pescado;Victoria;Provincia de Entre Ríos
Molino Doll ;Victoria;Provincia de Entre Ríos
Rincón de Nogoyá;Victoria;Provincia de Entre Ríos
Victoria;Victoria;Provincia de Entre Ríos
Estación Raíces;Villaguay;Provincia de Entre Ríos
Ingeniero Miguel Sajaroff;Villaguay;Provincia de Entre Ríos
Jubileo;Villaguay;Provincia de Entre Ríos
Mojones Norte;Villaguay;Provincia de Entre Ríos
Paso de la Laguna;Villaguay;Provincia de Entre Ríos
Villa Clara;Villaguay;Provincia de Entre Ríos
Villa Domínguez;Villaguay;Provincia de Entre Ríos
Villaguay;Villaguay;Provincia de Entre Ríos
Laguna Yema;Bermejo;Provincia de Formosa
Los Chiriguanos ;Bermejo;Provincia de Formosa
Pozo de Maza;Bermejo;Provincia de Formosa
Pozo del Mortero;Bermejo;Provincia de Formosa
Colonia Pastoril;Formosa;Provincia de Formosa
Formosa;Formosa;Provincia de Formosa
Gran Guardia;Formosa;Provincia de Formosa
Mariano Boedo;Formosa;Provincia de Formosa
Mojón de Fierro;Formosa;Provincia de Formosa
San Hilario;Formosa;Provincia de Formosa
Villa del Carmen;Formosa;Provincia de Formosa
Banco Payaguá;Laishi;Provincia de Formosa
General Lucio V. Mansilla;Laishi;Provincia de Formosa
Herradura;Laishi;Provincia de Formosa
San Francisco de Laishi ;Laishi;Provincia de Formosa
Tatané;Laishi;Provincia de Formosa
Villa Escolar;Laishi;Provincia de Formosa
Ingeniero Guillermo N. Juárez;Matacos;Provincia de Formosa
Bartolomé de las Casas;Patiño;Provincia de Formosa
Colonia Sarmiento;Patiño;Provincia de Formosa
Comandante Fontana;Patiño;Provincia de Formosa
El Recreo;Patiño;Provincia de Formosa
Estanislao del Campo;Patiño;Provincia de Formosa
Fortín Cabo 1º Lugones;Patiño;Provincia de Formosa
Fortín Sargento 1º Leyes;Patiño;Provincia de Formosa
Ibarreta;Patiño;Provincia de Formosa
Juan G. Bazán;Patiño;Provincia de Formosa
Las Lomitas;Patiño;Provincia de Formosa
Posta Cambio Zalazar;Patiño;Provincia de Formosa
Pozo del Tigre;Patiño;Provincia de Formosa
San Martín I;Patiño;Provincia de Formosa
San Martín II;Patiño;Provincia de Formosa
Subteniente Perín;Patiño;Provincia de Formosa
Villa General Güemes;Patiño;Provincia de Formosa
Villa General Manuel Belgrano;Patiño;Provincia de Formosa
Buena Vista;Pilagás;Provincia de Formosa
El Espinillo;Pilagás;Provincia de Formosa
Laguna Gallo;Pilagás;Provincia de Formosa
Misión Tacaaglé;Pilagás;Provincia de Formosa
Portón Negro;Pilagás;Provincia de Formosa
Tres Lagunas;Pilagás;Provincia de Formosa
Clorinda;Pilcomayo;Provincia de Formosa
Laguna Blanca;Pilcomayo;Provincia de Formosa
Laguna Naick-Neck;Pilcomayo;Provincia de Formosa
Palma Sola;Pilcomayo;Provincia de Formosa
Puerto Pilcomayo;Pilcomayo;Provincia de Formosa
Riacho He-He ;Pilcomayo;Provincia de Formosa
Riacho Negro;Pilcomayo;Provincia de Formosa
Siete Palmas;Pilcomayo;Provincia de Formosa
Colonia Campo Villafañe;Pirané;Provincia de Formosa
El Colorado;Pirané;Provincia de Formosa
Palo Santo;Pirané;Provincia de Formosa
Pirané;Pirané;Provincia de Formosa
Villa Kilómetro 213;Pirané;Provincia de Formosa
El Potrillo;Ramón Lista;Provincia de Formosa
General Mosconi ;Ramón Lista;Provincia de Formosa
Abdón Castro Tolay;Cochinoca;Provincia de Jujuy
Abra Pampa;Cochinoca;Provincia de Jujuy
Abralaite;Cochinoca;Provincia de Jujuy
Casabindo;Cochinoca;Provincia de Jujuy
Cochinoca;Cochinoca;Provincia de Jujuy
Puesto del Marquéz;Cochinoca;Provincia de Jujuy
Rinconadillas;Cochinoca;Provincia de Jujuy
San Francisco de Alfarcito;Cochinoca;Provincia de Jujuy
Santuario de Tres Pozos;Cochinoca;Provincia de Jujuy
Tusaquillas;Cochinoca;Provincia de Jujuy
Aguas Calientes;El Carmen;Provincia de Jujuy
Barrio El Milagro;El Carmen;Provincia de Jujuy
Barrio La Unión;El Carmen;Provincia de Jujuy
El Carmen;El Carmen;Provincia de Jujuy
Los Lapachos (Est. Maquinista Verón);El Carmen;Provincia de Jujuy
Manantiales;El Carmen;Provincia de Jujuy
Monterrico ;El Carmen;Provincia de Jujuy
Pampa Blanca;El Carmen;Provincia de Jujuy
Perico ;El Carmen;Provincia de Jujuy
Puesto Viejo ;El Carmen;Provincia de Jujuy
San Isidro;El Carmen;Provincia de Jujuy
San Juancito;El Carmen;Provincia de Jujuy
Guerrero;Dr. Manuel Belgrano;Provincia de Jujuy
La Almona;Dr. Manuel Belgrano;Provincia de Jujuy
León;Dr. Manuel Belgrano;Provincia de Jujuy
Lozano;Dr. Manuel Belgrano;Provincia de Jujuy
Ocloyas;Dr. Manuel Belgrano;Provincia de Jujuy
San Salvador de Jujuy (Est. Jujuy);Dr. Manuel Belgrano;Provincia de Jujuy
Yala;Dr. Manuel Belgrano;Provincia de Jujuy
Coctaca;Humahuaca;Provincia de Jujuy
El Aguilar ;Humahuaca;Provincia de Jujuy
Hipólito Yrigoyen (Est. Iturbe);Humahuaca;Provincia de Jujuy
Humahuaca;Humahuaca;Provincia de Jujuy
Tres Cruces;Humahuaca;Provincia de Jujuy
Uquía (Est. Senador Pérez);Humahuaca;Provincia de Jujuy
Bananal;Ledesma;Provincia de Jujuy
Bermejito;Ledesma;Provincia de Jujuy
Caimancito;Ledesma;Provincia de Jujuy
Calilegua;Ledesma;Provincia de Jujuy
Chalicán;Ledesma;Provincia de Jujuy
Fraile Pintado;Ledesma;Provincia de Jujuy
Libertad;Ledesma;Provincia de Jujuy
Libertador Grl. San Martín (Est. Ledesma);Ledesma;Provincia de Jujuy
Maíz Negro;Ledesma;Provincia de Jujuy
Paulina;Ledesma;Provincia de Jujuy
Yuto;Ledesma;Provincia de Jujuy
Carahunco;Palpalá;Provincia de Jujuy
Centro Forestal;Palpalá;Provincia de Jujuy
Mina 9 de Octubre;Palpalá;Provincia de Jujuy
Palpalá (Est. Grl. Manuel N. Savio);Palpalá;Provincia de Jujuy
Lagunillas de Farallón;Rinconada;Provincia de Jujuy
Liviara;Rinconada;Provincia de Jujuy
Nuevo Pirquitas;Rinconada;Provincia de Jujuy
Rinconada;Rinconada;Provincia de Jujuy
El Ceibal;San Antonio;Provincia de Jujuy
Loteo Navea;San Antonio;Provincia de Jujuy
San Antonio;San Antonio;Provincia de Jujuy
Arrayanal;San Pedro;Provincia de Jujuy
Arroyo Colorado;San Pedro;Provincia de Jujuy
Don Emilio;San Pedro;Provincia de Jujuy
El Acheral;San Pedro;Provincia de Jujuy
El Puesto;San Pedro;Provincia de Jujuy
El Quemado;San Pedro;Provincia de Jujuy
La Esperanza ;San Pedro;Provincia de Jujuy
La Manga;San Pedro;Provincia de Jujuy
La Mendieta;San Pedro;Provincia de Jujuy
Miraflores;San Pedro;Provincia de Jujuy
Palos Blancos;San Pedro;Provincia de Jujuy
Parapetí;San Pedro;Provincia de Jujuy
Piedritas;San Pedro;Provincia de Jujuy
Rodeito;San Pedro;Provincia de Jujuy
Rosario de Río Grande;San Pedro;Provincia de Jujuy
San Antonio;San Pedro;Provincia de Jujuy
San Lucas;San Pedro;Provincia de Jujuy
San Pedro (Est. San Pedro de Jujuy);San Pedro;Provincia de Jujuy
Sauzal;San Pedro;Provincia de Jujuy
El Fuerte;Santa Bárbara;Provincia de Jujuy
El Piquete;Santa Bárbara;Provincia de Jujuy
El Talar ;Santa Bárbara;Provincia de Jujuy
Palma Sola;Santa Bárbara;Provincia de Jujuy
Puente Lavayén;Santa Bárbara;Provincia de Jujuy
Santa Clara;Santa Bárbara;Provincia de Jujuy
Vinalito;Santa Bárbara;Provincia de Jujuy
Casira;Santa Catalina;Provincia de Jujuy
Ciénega;Santa Catalina;Provincia de Jujuy
Cieneguillas;Santa Catalina;Provincia de Jujuy
Cusi Cusi;Santa Catalina;Provincia de Jujuy
La Ciénega;Santa Catalina;Provincia de Jujuy
Misarrumi;Santa Catalina;Provincia de Jujuy
Oratorio;Santa Catalina;Provincia de Jujuy
Paicone;Santa Catalina;Provincia de Jujuy
San Juan de Oros;Santa Catalina;Provincia de Jujuy
Santa Catalina;Santa Catalina;Provincia de Jujuy
Yoscaba;Santa Catalina;Provincia de Jujuy
Catua;Susques;Provincia de Jujuy
Coranzuli;Susques;Provincia de Jujuy
El Toro;Susques;Provincia de Jujuy
Huáncar;Susques;Provincia de Jujuy
Mina Providencia;Susques;Provincia de Jujuy
Olaroz Chico;Susques;Provincia de Jujuy
Pastos Chicos;Susques;Provincia de Jujuy
Puesto Sey;Susques;Provincia de Jujuy
San Juan de Quillaqués;Susques;Provincia de Jujuy
Susques;Susques;Provincia de Jujuy
Colonia San José;Tilcara;Provincia de Jujuy
Huacalera;Tilcara;Provincia de Jujuy
Juella;Tilcara;Provincia de Jujuy
Maimará;Tilcara;Provincia de Jujuy
Tilcara;Tilcara;Provincia de Jujuy
Bárcena;Tumbaya;Provincia de Jujuy
El Moreno;Tumbaya;Provincia de Jujuy
Purmamarca;Tumbaya;Provincia de Jujuy
Tumbaya;Tumbaya;Provincia de Jujuy
Volcán;Tumbaya;Provincia de Jujuy
Caspalá;Valle Grande;Provincia de Jujuy
Pampichuela;Valle Grande;Provincia de Jujuy
San Francisco;Valle Grande;Provincia de Jujuy
Santa Ana;Valle Grande;Provincia de Jujuy
Valle Colorado;Valle Grande;Provincia de Jujuy
Valle Grande;Valle Grande;Provincia de Jujuy
Barrios;Yavi;Provincia de Jujuy
Cangrejillos;Yavi;Provincia de Jujuy
El Cóndor;Yavi;Provincia de Jujuy
La Intermedia;Yavi;Provincia de Jujuy
La Quiaca;Yavi;Provincia de Jujuy
Llulluchayoc;Yavi;Provincia de Jujuy
Pumahuasi;Yavi;Provincia de Jujuy
Yavi;Yavi;Provincia de Jujuy
Yavi Chico;Yavi;Provincia de Jujuy
Doblas;Atreucó;Provincia de La Pampa
Macachín;Atreucó;Provincia de La Pampa
Miguel Riglos;Atreucó;Provincia de La Pampa
Rolón;Atreucó;Provincia de La Pampa
Tomás M. Anchorena;Atreucó;Provincia de La Pampa
Anzoátegui;Caleu Caleu;Provincia de La Pampa
La Adela;Caleu Caleu;Provincia de La Pampa
Anguil;Capital;Provincia de La Pampa
Santa Rosa;Capital;Provincia de La Pampa
Catriló;Catriló;Provincia de La Pampa
La Gloria;Catriló;Provincia de La Pampa
Lonquimay;Catriló;Provincia de La Pampa
Uriburu;Catriló;Provincia de La Pampa
Conhelo;Conhelo;Provincia de La Pampa
Eduardo Castex;Conhelo;Provincia de La Pampa
Mauricio Mayer;Conhelo;Provincia de La Pampa
Monte Nievas;Conhelo;Provincia de La Pampa
Rucanelo;Conhelo;Provincia de La Pampa
Winifreda;Conhelo;Provincia de La Pampa
Gobernador Duval;Curacó;Provincia de La Pampa
Puelches;Curacó;Provincia de La Pampa
Santa Isabel;Chalileo;Provincia de La Pampa
Bernardo Larroude;Chapaleufú;Provincia de La Pampa
Ceballos;Chapaleufú;Provincia de La Pampa
Coronel Hilario Lagos  (Est. Aguas Buenas);Chapaleufú;Provincia de La Pampa
Intendente Alvear;Chapaleufú;Provincia de La Pampa
Sarah;Chapaleufú;Provincia de La Pampa
Vértiz;Chapaleufú;Provincia de La Pampa
Algarrobo del Águila;Chical Co;Provincia de La Pampa
La Humada;Chical Co;Provincia de La Pampa
Alpachiri;Guatraché;Provincia de La Pampa
General Manuel J. Campos;Guatraché;Provincia de La Pampa
Guatraché;Guatraché;Provincia de La Pampa
Perú;Guatraché;Provincia de La Pampa
Santa Teresa;Guatraché;Provincia de La Pampa
Abramo;Hucal;Provincia de La Pampa
Bernasconi;Hucal;Provincia de La Pampa
General San Martín (Est. Villa Alba);Hucal;Provincia de La Pampa
Hucal;Hucal;Provincia de La Pampa
Jacinto Aráuz;Hucal;Provincia de La Pampa
Cuchillo Co;Lihuel Calel;Provincia de La Pampa
La Reforma;Limay Mahuida;Provincia de La Pampa
Limay Mahuida;Limay Mahuida;Provincia de La Pampa
Carro Quemado;Loventué;Provincia de La Pampa
Loventué;Loventué;Provincia de La Pampa
Luan Toro;Loventué;Provincia de La Pampa
Telén;Loventué;Provincia de La Pampa
Victorica;Loventué;Provincia de La Pampa
Agustoni;Maracó;Provincia de La Pampa
Dorila;Maracó;Provincia de La Pampa
General Pico;Maracó;Provincia de La Pampa
Speluzzi;Maracó;Provincia de La Pampa
Trebolares;Maracó;Provincia de La Pampa
Puelén;Puelén;Provincia de La Pampa
"25 de Mayo";Puelén;Provincia de La Pampa
Colonia Barón;Quemú Quemú;Provincia de La Pampa
Colonia San José;Quemú Quemú;Provincia de La Pampa
Miguel Cané;Quemú Quemú;Provincia de La Pampa
Quemú Quemú;Quemú Quemú;Provincia de La Pampa
Relmo;Quemú Quemú;Provincia de La Pampa
Villa Mirasol;Quemú Quemú;Provincia de La Pampa
Caleufú;Rancul;Provincia de La Pampa
Ingeniero Foster;Rancul;Provincia de La Pampa
La Maruja;Rancul;Provincia de La Pampa
Parera;Rancul;Provincia de La Pampa
Pichi Huinca;Rancul;Provincia de La Pampa
Quetrequén;Rancul;Provincia de La Pampa
Rancul;Rancul;Provincia de La Pampa
Adolfo Van Praet;Realicó;Provincia de La Pampa
Alta Italia;Realicó;Provincia de La Pampa
Damián Maisonave (Est. Simson);Realicó;Provincia de La Pampa
Embajador Martini;Realicó;Provincia de La Pampa
Falucho;Realicó;Provincia de La Pampa
Ingeniero Luiggi;Realicó;Provincia de La Pampa
Ojeda;Realicó;Provincia de La Pampa
Realicó;Realicó;Provincia de La Pampa
Naicó;Toay;Provincia de La Pampa
Toay;Toay;Provincia de La Pampa
Arata;Trenel;Provincia de La Pampa
Metileo;Trenel;Provincia de La Pampa
Trenel;Trenel;Provincia de La Pampa
Ataliva Roca;Utracán;Provincia de La Pampa
Chacharramendi;Utracán;Provincia de La Pampa
Colonia Santa María;Utracán;Provincia de La Pampa
General Acha;Utracán;Provincia de La Pampa
Quehué;Utracán;Provincia de La Pampa
Unanué;Utracán;Provincia de La Pampa
Aimogasta ;Arauco;Provincia de La Rioja
Arauco;Arauco;Provincia de La Rioja
Bañado de los Pantanos;Arauco;Provincia de La Rioja
Estación Mazán;Arauco;Provincia de La Rioja
Villa Mazán;Arauco;Provincia de La Rioja
La Rioja ;Capital;Provincia de La Rioja
Aminga;Castro Barros;Provincia de La Rioja
Anillaco;Castro Barros;Provincia de La Rioja
Anjullón;Castro Barros;Provincia de La Rioja
Chuquis;Castro Barros;Provincia de La Rioja
Los Molinos;Castro Barros;Provincia de La Rioja
Pinchas;Castro Barros;Provincia de La Rioja
San Pedro;Castro Barros;Provincia de La Rioja
Santa Vera Cruz;Castro Barros;Provincia de La Rioja
Aicuñá;General Felipe Varela;Provincia de La Rioja
Guandacol;General Felipe Varela;Provincia de La Rioja
Los Palacios;General Felipe Varela;Provincia de La Rioja
Pagancillo;General Felipe Varela;Provincia de La Rioja
Villa Unión;General Felipe Varela;Provincia de La Rioja
Chamical ;Chamical;Provincia de La Rioja
Polco;Chamical;Provincia de La Rioja
Chilecito ;Chilecito;Provincia de La Rioja
Colonia Anguinán;Chilecito;Provincia de La Rioja
Colonia Catinzaco;Chilecito;Provincia de La Rioja
Colonia Malligasta;Chilecito;Provincia de La Rioja
Colonia Vichigasta;Chilecito;Provincia de La Rioja
Guanchín;Chilecito;Provincia de La Rioja
Malligasta;Chilecito;Provincia de La Rioja
Miranda;Chilecito;Provincia de La Rioja
Nonogasta;Chilecito;Provincia de La Rioja
San Nicolás;Chilecito;Provincia de La Rioja
Santa Florentina;Chilecito;Provincia de La Rioja
Sañogasta;Chilecito;Provincia de La Rioja
Tilimuqui;Chilecito;Provincia de La Rioja
Vichigasta ;Chilecito;Provincia de La Rioja
Alto Carrizal;Famatina;Provincia de La Rioja
Angulos;Famatina;Provincia de La Rioja
Antinaco;Famatina;Provincia de La Rioja
Bajo Carrizal;Famatina;Provincia de La Rioja
Campanas;Famatina;Provincia de La Rioja
Chañarmuyo;Famatina;Provincia de La Rioja
Famatina ;Famatina;Provincia de La Rioja
La Cuadra;Famatina;Provincia de La Rioja
Pituil;Famatina;Provincia de La Rioja
Plaza Vieja;Famatina;Provincia de La Rioja
Santa Cruz;Famatina;Provincia de La Rioja
Santo Domingo;Famatina;Provincia de La Rioja
Punta de los Llanos;Ángel Vicente Peñaloza;Provincia de La Rioja
Tama;Ángel Vicente Peñaloza;Provincia de La Rioja
Castro Barros;General Belgrano;Provincia de La Rioja
Chañar;General Belgrano;Provincia de La Rioja
Loma Blanca;General Belgrano;Provincia de La Rioja
Olta;General Belgrano;Provincia de La Rioja
Malanzán;General Juan Facundo Quiroga;Provincia de La Rioja
Nácate;General Juan Facundo Quiroga;Provincia de La Rioja
Portezuelo;General Juan Facundo Quiroga;Provincia de La Rioja
San Antonio;General Juan Facundo Quiroga;Provincia de La Rioja
Villa Castelli;General Lamadrid;Provincia de La Rioja
Ambil;General Ortiz de Ocampo;Provincia de La Rioja
Colonia Ortiz de Ocampo;General Ortiz de Ocampo;Provincia de La Rioja
Milagro;General Ortiz de Ocampo;Provincia de La Rioja
Olpas;General Ortiz de Ocampo;Provincia de La Rioja
Santa Rita de Catuna ;General Ortiz de Ocampo;Provincia de La Rioja
Ulapes;General San Martín;Provincia de La Rioja
Jagüé;Vinchina;Provincia de La Rioja
Villa San José de Vinchina ;Vinchina;Provincia de La Rioja
Amaná;Independencia;Provincia de La Rioja
Patquía;Independencia;Provincia de La Rioja
Chepes;Rosario Vera Peñaloza;Provincia de La Rioja
Desiderio Tello;Rosario Vera Peñaloza;Provincia de La Rioja
Salicas - San Blas ;San Blas de Los Sauces;Provincia de La Rioja
Villa Sanagasta;Sanagasta;Provincia de La Rioja
Mendoza;Capital;Provincia de Mendoza
Bowen ;General Alvear;Provincia de Mendoza
Carmensa ;General Alvear;Provincia de Mendoza
General Alvear (Est.Colonia Alvear Norte);General Alvear;Provincia de Mendoza
Los Compartos;General Alvear;Provincia de Mendoza
Godoy Cruz;Godoy Cruz;Provincia de Mendoza
Colonia Segovia (Est. Amigorena);Guaymallén;Provincia de Mendoza
Guaymallén;Guaymallén;Provincia de Mendoza
La Primavera;Guaymallén;Provincia de Mendoza
Los Corralitos;Guaymallén;Provincia de Mendoza
Puente de Hierro ;Guaymallén;Provincia de Mendoza
Ingeniero Giagnoni;Junín;Provincia de Mendoza
Junín ;Junín;Provincia de Mendoza
La Colonia;Junín;Provincia de Mendoza
Los Barriales;Junín;Provincia de Mendoza
Medrano;Junín;Provincia de Mendoza
Phillips;Junín;Provincia de Mendoza
Rodríguez Peña;Junín;Provincia de Mendoza
Desaguadero;La Paz;Provincia de Mendoza
La Paz ;La Paz;Provincia de Mendoza
Villa Antigua;La Paz;Provincia de Mendoza
Blanco Encalada;Las Heras;Provincia de Mendoza
Capdeville;Las Heras;Provincia de Mendoza
Jocolí ;Las Heras;Provincia de Mendoza
Las Cuevas;Las Heras;Provincia de Mendoza
Las Heras;Las Heras;Provincia de Mendoza
Los Penitentes;Las Heras;Provincia de Mendoza
Papagayos;Las Heras;Provincia de Mendoza
Polvaredas;Las Heras;Provincia de Mendoza
Puente del Inca;Las Heras;Provincia de Mendoza
Punta de Vacas;Las Heras;Provincia de Mendoza
Uspallata ;Las Heras;Provincia de Mendoza
Barrio Alto del Olvido;Lavalle;Provincia de Mendoza
Barrio Jocolí II;Lavalle;Provincia de Mendoza
Barrio La Palmera;Lavalle;Provincia de Mendoza
Barrio La Pega;Lavalle;Provincia de Mendoza
Barrio Lagunas de Bartoluzzi;Lavalle;Provincia de Mendoza
Barrio Los Jarilleros;Lavalle;Provincia de Mendoza
Barrio Los Olivos;Lavalle;Provincia de Mendoza
Costa de Araujo;Lavalle;Provincia de Mendoza
El Paramillo;Lavalle;Provincia de Mendoza
El Vergel;Lavalle;Provincia de Mendoza
Ingeniero Gustavo André;Lavalle;Provincia de Mendoza
Jocolí ;Lavalle;Provincia de Mendoza
Jocolí Viejo;Lavalle;Provincia de Mendoza
Las Violetas;Lavalle;Provincia de Mendoza
"3 de Mayo";Lavalle;Provincia de Mendoza
Villa Tulumaya ;Lavalle;Provincia de Mendoza
Agrelo;Luán de Cuyo;Provincia de Mendoza
Barrio Perdriel IV;Luán de Cuyo;Provincia de Mendoza
Cacheuta;Luán de Cuyo;Provincia de Mendoza
Costa Flores;Luán de Cuyo;Provincia de Mendoza
El Carrizal;Luán de Cuyo;Provincia de Mendoza
El Salto;Luán de Cuyo;Provincia de Mendoza
Las Compuertas;Luán de Cuyo;Provincia de Mendoza
Las Vegas;Luán de Cuyo;Provincia de Mendoza
Luján de Cuyo;Luán de Cuyo;Provincia de Mendoza
Perdriel ;Luán de Cuyo;Provincia de Mendoza
Potrerillos;Luán de Cuyo;Provincia de Mendoza
Ugarteche;Luán de Cuyo;Provincia de Mendoza
Barrancas;Maipú;Provincia de Mendoza
Barrio Jesús de Nazaret ;Maipú;Provincia de Mendoza
Cruz de Piedra ;Maipú;Provincia de Mendoza
El Pedregal;Maipú;Provincia de Mendoza
Fray Luis Beltrán ;Maipú;Provincia de Mendoza
Maipú;Maipú;Provincia de Mendoza
Rodeo del Medio ;Maipú;Provincia de Mendoza
Russell;Maipú;Provincia de Mendoza
San Roque;Maipú;Provincia de Mendoza
Villa Teresa ;Maipú;Provincia de Mendoza
Agua Escondida;Malargüe;Provincia de Mendoza
Bardas Blancas;Malargüe;Provincia de Mendoza
Las Leñas;Malargüe;Provincia de Mendoza
Malargüe ;Malargüe;Provincia de Mendoza
Andrade ;Rivadavia;Provincia de Mendoza
Barrio Cooperativa Los Campamentos;Rivadavia;Provincia de Mendoza
Barrio Rivadavia;Rivadavia;Provincia de Mendoza
El Mirador;Rivadavia;Provincia de Mendoza
La Central;Rivadavia;Provincia de Mendoza
La Esperanza;Rivadavia;Provincia de Mendoza
La Florida;Rivadavia;Provincia de Mendoza
La Libertad ;Rivadavia;Provincia de Mendoza
Los Árboles;Rivadavia;Provincia de Mendoza
Los Campamentos ;Rivadavia;Provincia de Mendoza
Medrano;Rivadavia;Provincia de Mendoza
Mundo Nuevo;Rivadavia;Provincia de Mendoza
Reducción de Abajo;Rivadavia;Provincia de Mendoza
Rivadavia;Rivadavia;Provincia de Mendoza
Santa María de Oro;Rivadavia;Provincia de Mendoza
Barrio El Cepillo;San Carlos;Provincia de Mendoza
Chilecito;San Carlos;Provincia de Mendoza
Eugenio Bustos;San Carlos;Provincia de Mendoza
La Consulta ;San Carlos;Provincia de Mendoza
Pareditas;San Carlos;Provincia de Mendoza
San Carlos ;San Carlos;Provincia de Mendoza
Alto Salvador;San Martín;Provincia de Mendoza
Alto Verde;San Martín;Provincia de Mendoza
Barrio Chivilcoy;San Martín;Provincia de Mendoza
Barrio Emanuel;San Martín;Provincia de Mendoza
Barrio Los Charabones;San Martín;Provincia de Mendoza
Chapanay;San Martín;Provincia de Mendoza
Chivilcoy;San Martín;Provincia de Mendoza
Montecaseros;San Martín;Provincia de Mendoza
Nueva California (Est. Moluches);San Martín;Provincia de Mendoza
San Martín;San Martín;Provincia de Mendoza
Tres Porteñas;San Martín;Provincia de Mendoza
Barrio Campos El Toledano;San Rafael;Provincia de Mendoza
Barrio El Nevado;San Rafael;Provincia de Mendoza
Barrio Empleados de Comercio;San Rafael;Provincia de Mendoza
Barrio Intendencia;San Rafael;Provincia de Mendoza
Capitán Montoya;San Rafael;Provincia de Mendoza
Cuadro Benegas;San Rafael;Provincia de Mendoza
El Nihuil;San Rafael;Provincia de Mendoza
El Sosneado;San Rafael;Provincia de Mendoza
El Tropezón;San Rafael;Provincia de Mendoza
Goudge;San Rafael;Provincia de Mendoza
Jaime Prats;San Rafael;Provincia de Mendoza
La Llave Nueva;San Rafael;Provincia de Mendoza
Las Malvinas;San Rafael;Provincia de Mendoza
Los Reyunos;San Rafael;Provincia de Mendoza
Monte Comán;San Rafael;Provincia de Mendoza
Pobre Diablo;San Rafael;Provincia de Mendoza
Punta del Agua;San Rafael;Provincia de Mendoza
Rama Caída;San Rafael;Provincia de Mendoza
Real del Padre;San Rafael;Provincia de Mendoza
Salto de las Rosas;San Rafael;Provincia de Mendoza
San Rafael ;San Rafael;Provincia de Mendoza
"25 de Mayo";San Rafael;Provincia de Mendoza
Villa Atuel;San Rafael;Provincia de Mendoza
Villa Atuel Norte;San Rafael;Provincia de Mendoza
Barrio 12 de Octubre;Santa Rosa;Provincia de Mendoza
Barrio María Auxiliadora;Santa Rosa;Provincia de Mendoza
Barrio Molina Cabrera;Santa Rosa;Provincia de Mendoza
La Dormida;Santa Rosa;Provincia de Mendoza
Las Catitas (Est. J. N. Lencinas);Santa Rosa;Provincia de Mendoza
Santa Rosa ;Santa Rosa;Provincia de Mendoza
Barrio San Cayetano;Tunuyán;Provincia de Mendoza
Campo Los Andes ;Tunuyán;Provincia de Mendoza
Colonia Las Rosas;Tunuyán;Provincia de Mendoza
El Manzano;Tunuyán;Provincia de Mendoza
Los Sauces;Tunuyán;Provincia de Mendoza
Tunuyán ;Tunuyán;Provincia de Mendoza
Vista Flores;Tunuyán;Provincia de Mendoza
Barrio Belgrano Norte;Tupungato;Provincia de Mendoza
Cordón del Plata;Tupungato;Provincia de Mendoza
El Peral;Tupungato;Provincia de Mendoza
La Arboleda;Tupungato;Provincia de Mendoza
San José ;Tupungato;Provincia de Mendoza
Tupungato;Tupungato;Provincia de Mendoza
Apóstoles;Apóstoles;Provincia de Misiones
Azara;Apóstoles;Provincia de Misiones
Estación Apóstoles;Apóstoles;Provincia de Misiones
Pindapoy;Apóstoles;Provincia de Misiones
Rincón de Azara;Apóstoles;Provincia de Misiones
San José;Apóstoles;Provincia de Misiones
Tres Capones;Apóstoles;Provincia de Misiones
Aristóbulo del Valle;Cainguás;Provincia de Misiones
Campo Grande;Cainguás;Provincia de Misiones
Dos de Mayo Núcleo I;Cainguás;Provincia de Misiones
Dos de Mayo Núcleo II;Cainguás;Provincia de Misiones
Dos de Mayo Nucleo III;Cainguás;Provincia de Misiones
"1º de Mayo";Cainguás;Provincia de Misiones
Pueblo Illia;Cainguás;Provincia de Misiones
Salto Encantado;Cainguás;Provincia de Misiones
Bonpland;Candelaria;Provincia de Misiones
Candelaria;Candelaria;Provincia de Misiones
Cerro Corá;Candelaria;Provincia de Misiones
Loreto;Candelaria;Provincia de Misiones
Mártires;Candelaria;Provincia de Misiones
Profundidad;Candelaria;Provincia de Misiones
Puerto Santa Ana;Candelaria;Provincia de Misiones
Santa Ana;Candelaria;Provincia de Misiones
Garupá;Capital;Provincia de Misiones
Nemesio Parma;Capital;Provincia de Misiones
Posadas (Municipio de Posadas);Capital;Provincia de Misiones
Posadas (Municipio de Garupá );Capital;Provincia de Misiones
Barra Concepción;Concepción;Provincia de Misiones
Concepción de la Sierra;Concepción;Provincia de Misiones
La Corita;Concepción;Provincia de Misiones
Santa María;Concepción;Provincia de Misiones
Colonia Victoria;Eldorado;Provincia de Misiones
Eldorado;Eldorado;Provincia de Misiones
María Magdalena;Eldorado;Provincia de Misiones
"9 de Julio";Eldorado;Provincia de Misiones
"9 de Julio Kilómetro 20 ";Eldorado;Provincia de Misiones
Puerto Mado;Eldorado;Provincia de Misiones
Puerto Pinares;Eldorado;Provincia de Misiones
Santiago de Liniers;Eldorado;Provincia de Misiones
Valle Hermoso;Eldorado;Provincia de Misiones
Villa Roulet;Eldorado;Provincia de Misiones
Almirante Brown ;General Manuel Belgrano;Provincia de Misiones
Bernardo de Irigoyen;General Manuel Belgrano;Provincia de Misiones
Dos Hermanas;General Manuel Belgrano;Provincia de Misiones
Integración;General Manuel Belgrano;Provincia de Misiones
San Antonio;General Manuel Belgrano;Provincia de Misiones
El Soberbio;Guaraní;Provincia de Misiones
Fracrán;Guaraní;Provincia de Misiones
San Vicente;Guaraní;Provincia de Misiones
Esperanza ;Iguazú;Provincia de Misiones
Libertad ;Iguazú;Provincia de Misiones
Puerto Iguazú;Iguazú;Provincia de Misiones
Wanda;Iguazú;Provincia de Misiones
Almafuerte;Leandro N. Alem;Provincia de Misiones
Arroyo del Medio;Leandro N. Alem;Provincia de Misiones
Caá - Yarí;Leandro N. Alem;Provincia de Misiones
Cerro Azul;Leandro N. Alem;Provincia de Misiones
Dos Arroyos;Leandro N. Alem;Provincia de Misiones
Gobernador López;Leandro N. Alem;Provincia de Misiones
Leandro N. Alem;Leandro N. Alem;Provincia de Misiones
Olegario V. Andrade;Leandro N. Alem;Provincia de Misiones
Villa Libertad  (Municipio Leandro N. Alem);Leandro N. Alem;Provincia de Misiones
Villa Libertad (Municipio Caá - Yarí);Leandro N. Alem;Provincia de Misiones
Capioví;Libertador General San Martín;Provincia de Misiones
El Alcázar;Libertador General San Martín;Provincia de Misiones
Garuhapé;Libertador General San Martín;Provincia de Misiones
Mbopicuá;Libertador General San Martín;Provincia de Misiones
Puerto Leoni;Libertador General San Martín;Provincia de Misiones
Puerto Rico;Libertador General San Martín;Provincia de Misiones
Ruiz de Montoya;Libertador General San Martín;Provincia de Misiones
San Alberto;Libertador General San Martín;Provincia de Misiones
San Gotardo;Libertador General San Martín;Provincia de Misiones
San Miguel;Libertador General San Martín;Provincia de Misiones
Villa Akerman;Libertador General San Martín;Provincia de Misiones
Caraguatay;Montecarlo;Provincia de Misiones
Laharrague;Montecarlo;Provincia de Misiones
Montecarlo;Montecarlo;Provincia de Misiones
Piray Kilómetro 18 ;Montecarlo;Provincia de Misiones
Puerto Piray;Montecarlo;Provincia de Misiones
Tarumá;Montecarlo;Provincia de Misiones
Villa Parodi;Montecarlo;Provincia de Misiones
Alberdi;Oberá;Provincia de Misiones
Campo Ramón;Oberá;Provincia de Misiones
Campo Viera;Oberá;Provincia de Misiones
El Salto;Oberá;Provincia de Misiones
General Alvear;Oberá;Provincia de Misiones
Guaraní;Oberá;Provincia de Misiones
Los Helechos;Oberá;Provincia de Misiones
Oberá;Oberá;Provincia de Misiones
Panambí;Oberá;Provincia de Misiones
Panambí Kilómetro 8 ;Oberá;Provincia de Misiones
San Martín;Oberá;Provincia de Misiones
Villa Bonita;Oberá;Provincia de Misiones
Colonia Polana;San Ignacio;Provincia de Misiones
Corpus;San Ignacio;Provincia de Misiones
Domingo Savio;San Ignacio;Provincia de Misiones
General Urquiza;San Ignacio;Provincia de Misiones
Gobernador Roca;San Ignacio;Provincia de Misiones
Helvecia;San Ignacio;Provincia de Misiones
Hipólito Yrigoyen;San Ignacio;Provincia de Misiones
Jardín América;San Ignacio;Provincia de Misiones
Oasis;San Ignacio;Provincia de Misiones
Roca Chica;San Ignacio;Provincia de Misiones
San Ignacio;San Ignacio;Provincia de Misiones
Santo Pipó;San Ignacio;Provincia de Misiones
Florentino Ameghino;San Javier;Provincia de Misiones
Itacaruaré;San Javier;Provincia de Misiones
Mojón Grande;San Javier;Provincia de Misiones
San Javier;San Javier;Provincia de Misiones
Cruce Caballero;San Pedro;Provincia de Misiones
Paraíso;San Pedro;Provincia de Misiones
Piñalito Sur;San Pedro;Provincia de Misiones
San Pedro;San Pedro;Provincia de Misiones
Tobuna;San Pedro;Provincia de Misiones
Alba Posse;"25 de Mayo";Provincia de Misiones
Colonia Alicia;"25 de Mayo";Provincia de Misiones
Colonia Aurora;"25 de Mayo";Provincia de Misiones
San Francisco de Asís;"25 de Mayo";Provincia de Misiones
Santa Rita;"25 de Mayo";Provincia de Misiones
"25 de Mayo";"25 de Mayo";Provincia de Misiones
Aluminé;Aluminé;Provincia del Neuquén
Villa Pehuenia;Aluminé;Provincia del Neuquén
Añelo;Añelo;Provincia del Neuquén
San Patricio del Chañar;Añelo;Provincia del Neuquén
Las Coloradas;Catán Lil;Provincia del Neuquén
Piedra del Águila;Collón Curá;Provincia del Neuquén
Santo Tomás;Collón Curá;Provincia del Neuquén
Arroyito;Confluencia;Provincia del Neuquén
Barrio Ruca Luhé;Confluencia;Provincia del Neuquén
Centenario ;Confluencia;Provincia del Neuquén
Cutral Có;Confluencia;Provincia del Neuquén
El Chocón  ;Confluencia;Provincia del Neuquén
Mari Menuco;Confluencia;Provincia del Neuquén
Neuquén;Confluencia;Provincia del Neuquén
"11 de Octubre ";Confluencia;Provincia del Neuquén
Plaza Huincul;Confluencia;Provincia del Neuquén
Plottier;Confluencia;Provincia del Neuquén
Senillosa;Confluencia;Provincia del Neuquén
Villa El Chocón ;Confluencia;Provincia del Neuquén
Vista Alegre Norte;Confluencia;Provincia del Neuquén
Vista Alegre Sur ;Confluencia;Provincia del Neuquén
Chos Malal;Chos Malal;Provincia del Neuquén
Tricao Malal;Chos Malal;Provincia del Neuquén
Villa del Curi Leuvú;Chos Malal;Provincia del Neuquén
Junín de los Andes ;Huiliches;Provincia del Neuquén
San Martín de los Andes ;Lácar;Provincia del Neuquén
Chorriaca;Loncopué;Provincia del Neuquén
Loncopué;Loncopué;Provincia del Neuquén
Villa La Angostura;Los Lagos;Provincia del Neuquén
Villa Traful;Los Lagos;Provincia del Neuquén
Andacollo;Minas;Provincia del Neuquén
Huinganco;Minas;Provincia del Neuquén
Las Ovejas;Minas;Provincia del Neuquén
Los Miches;Minas;Provincia del Neuquén
Manzano Amargo;Minas;Provincia del Neuquén
Varvarco;Minas;Provincia del Neuquén
Caviahue;Ñorquín;Provincia del Neuquén
Copahue;Ñorquín;Provincia del Neuquén
El Cholar;Ñorquín;Provincia del Neuquén
El Huecú;Ñorquín;Provincia del Neuquén
Taquimilán;Ñorquín;Provincia del Neuquén
Barrancas;Pehuenches;Provincia del Neuquén
Buta Ranquil;Pehuenches;Provincia del Neuquén
Octavio Pico;Pehuenches;Provincia del Neuquén
Rincón de los Sauces;Pehuenches;Provincia del Neuquén
Paso Aguerre;Picún Leufú;Provincia del Neuquén
Picún Leufú;Picún Leufú;Provincia del Neuquén
Bajada del Agrio;Picunches;Provincia del Neuquén
La Buitrera;Picunches;Provincia del Neuquén
Las Lajas ;Picunches;Provincia del Neuquén
Los Catutos ;Zapala;Provincia del Neuquén
Mariano Moreno ;Zapala;Provincia del Neuquén
Ramón M. Castro;Zapala;Provincia del Neuquén
Zapala ;Zapala;Provincia del Neuquén
Bahía Creek;Adolfo Alsina;Provincia de Río Negro
El Cóndor;Adolfo Alsina;Provincia de Río Negro
El Juncal;Adolfo Alsina;Provincia de Río Negro
Guardia Mitre;Adolfo Alsina;Provincia de Río Negro
La Lobería;Adolfo Alsina;Provincia de Río Negro
Loteo Costa de Río;Adolfo Alsina;Provincia de Río Negro
Pozo Salado ;Adolfo Alsina;Provincia de Río Negro
San Javier;Adolfo Alsina;Provincia de Río Negro
Viedma;Adolfo Alsina;Provincia de Río Negro
Barrio Unión;Avellaneda;Provincia de Río Negro
Chelforó;Avellaneda;Provincia de Río Negro
Chimpay;Avellaneda;Provincia de Río Negro
Choele Choel;Avellaneda;Provincia de Río Negro
Coronel Belisle;Avellaneda;Provincia de Río Negro
Darwin;Avellaneda;Provincia de Río Negro
Lamarque;Avellaneda;Provincia de Río Negro
Luis Beltrán;Avellaneda;Provincia de Río Negro
Pomona;Avellaneda;Provincia de Río Negro
Barrio El Pilar;Bariloche;Provincia de Río Negro
Colonia Suiza;Bariloche;Provincia de Río Negro
El Bolsón;Bariloche;Provincia de Río Negro
El Foyel;Bariloche;Provincia de Río Negro
Río Villegas;Bariloche;Provincia de Río Negro
San Carlos de Bariloche ;Bariloche;Provincia de Río Negro
Villa Campanario ;Bariloche;Provincia de Río Negro
Villa Catedral ;Bariloche;Provincia de Río Negro
Villa Llao Llao;Bariloche;Provincia de Río Negro
Villa Los Coihues;Bariloche;Provincia de Río Negro
Barrio Colonia Conesa;Conesa;Provincia de Río Negro
General Conesa;Conesa;Provincia de Río Negro
Aguada Guzmán;El Cuy;Provincia de Río Negro
Cerro Policía;El Cuy;Provincia de Río Negro
El Cuy;El Cuy;Provincia de Río Negro
Las Perlas;El Cuy;Provincia de Río Negro
Mencué;El Cuy;Provincia de Río Negro
Naupa Huen;El Cuy;Provincia de Río Negro
Paso Córdova;El Cuy;Provincia de Río Negro
Valle Azul;El Cuy;Provincia de Río Negro
Allen;General Roca;Provincia de Río Negro
Bajo San Cayetano;General Roca;Provincia de Río Negro
Barda del Medio;General Roca;Provincia de Río Negro
Barrio Blanco;General Roca;Provincia de Río Negro
Barrio Calle Ciega Nº 10;General Roca;Provincia de Río Negro
Barrio Calle Ciega Nº 6;General Roca;Provincia de Río Negro
Barrio Canale;General Roca;Provincia de Río Negro
Barrio Chacra Monte;General Roca;Provincia de Río Negro
Barrio Costa Este;General Roca;Provincia de Río Negro
Barrio Costa Linda;General Roca;Provincia de Río Negro
Barrio Costa Oeste;General Roca;Provincia de Río Negro
Barrio El Labrador;General Roca;Provincia de Río Negro
Barrio El Maruchito;General Roca;Provincia de Río Negro
Barrio El Petróleo;General Roca;Provincia de Río Negro
Barrio Frontera;General Roca;Provincia de Río Negro
Barrio Guerrico;General Roca;Provincia de Río Negro
Barrio Isla 10;General Roca;Provincia de Río Negro
Barrio La Barda;General Roca;Provincia de Río Negro
Barrio La Costa (Municipio Grl. Roca);General Roca;Provincia de Río Negro
Barrio La Costa (Municipio Igr. Huergo);General Roca;Provincia de Río Negro
Barrio La Defensa;General Roca;Provincia de Río Negro
Barrio La Lor;General Roca;Provincia de Río Negro
Barrio La Ribera - Barrio APYCAR;General Roca;Provincia de Río Negro
Barrio Las Angustias ;General Roca;Provincia de Río Negro
Barrio Mar del Plata;General Roca;Provincia de Río Negro
Barrio María Elvira;General Roca;Provincia de Río Negro
Barrio Mosconi;General Roca;Provincia de Río Negro
Barrio Norte (Municipio de Cinco Saltos);General Roca;Provincia de Río Negro
Barrio Norte (Municipio Dde Cipolletti);General Roca;Provincia de Río Negro
Barrio Pino Azul;General Roca;Provincia de Río Negro
Barrio Porvenir;General Roca;Provincia de Río Negro
Barrio Presidente Perón;General Roca;Provincia de Río Negro
Barrio Puente 83;General Roca;Provincia de Río Negro
Barrio Santa Rita;General Roca;Provincia de Río Negro
Barrio Unión;General Roca;Provincia de Río Negro
Catriel;General Roca;Provincia de Río Negro
Cervantes;General Roca;Provincia de Río Negro
Chichinales;General Roca;Provincia de Río Negro
Cinco Saltos;General Roca;Provincia de Río Negro
Cipolletti;General Roca;Provincia de Río Negro
Contralmirante Cordero ;General Roca;Provincia de Río Negro
Ferri;General Roca;Provincia de Río Negro
General Enrique Godoy;General Roca;Provincia de Río Negro
General Fernández Oro;General Roca;Provincia de Río Negro
General Roca ;General Roca;Provincia de Río Negro
Ingeniero Luis A. Huergo;General Roca;Provincia de Río Negro
Ingeniero Otto Krause;General Roca;Provincia de Río Negro
Mainqué;General Roca;Provincia de Río Negro
Paso Córdova;General Roca;Provincia de Río Negro
Península Ruca Co;General Roca;Provincia de Río Negro
Peñas Blancas;General Roca;Provincia de Río Negro
Sargento Vidal;General Roca;Provincia de Río Negro
Villa Alberdi;General Roca;Provincia de Río Negro
Villa del Parque;General Roca;Provincia de Río Negro
Villa Manzano;General Roca;Provincia de Río Negro
Villa Regina ;General Roca;Provincia de Río Negro
Villa San Isidro;General Roca;Provincia de Río Negro
Comicó;"9 de julio";Provincia de Río Negro
Cona Niyeu;"9 de julio";Provincia de Río Negro
Ministro Ramos Mexía;"9 de julio";Provincia de Río Negro
Prahuaniyeu;"9 de julio";Provincia de Río Negro
Sierra Colorada;"9 de julio";Provincia de Río Negro
Treneta;"9 de julio";Provincia de Río Negro
Yaminué;"9 de julio";Provincia de Río Negro
Las Bayas;Ñorquinco;Provincia de Río Negro
Mamuel Choique;Ñorquinco;Provincia de Río Negro
Ñorquincó;Ñorquinco;Provincia de Río Negro
Ojos de Agua;Ñorquinco;Provincia de Río Negro
Río Chico (Est. Cerro Mesa);Ñorquinco;Provincia de Río Negro
Colonia Juliá y Echarren;Pichi Mahuida;Provincia de Río Negro
Río Colorado;Pichi Mahuida;Provincia de Río Negro
Comallo;Pilcaniyeu;Provincia de Río Negro
Dina Huapi;Pilcaniyeu;Provincia de Río Negro
Laguna Blanca;Pilcaniyeu;Provincia de Río Negro
Ñirihuau;Pilcaniyeu;Provincia de Río Negro
Paso Flores;Pilcaniyeu;Provincia de Río Negro
Pilcaniyeu;Pilcaniyeu;Provincia de Río Negro
Pilquiniyeu del Limay;Pilcaniyeu;Provincia de Río Negro
Villa Llanquín;Pilcaniyeu;Provincia de Río Negro
Las Grutas;San Antonio;Provincia de Río Negro
Playas Doradas;San Antonio;Provincia de Río Negro
Puerto San Antonio Este;San Antonio;Provincia de Río Negro
Punta Colorada;San Antonio;Provincia de Río Negro
San Antonio Oeste;San Antonio;Provincia de Río Negro
Sierra Grande;San Antonio;Provincia de Río Negro
Aguada Cecilio;Valcheta;Provincia de Río Negro
Arroyo Los Berros;Valcheta;Provincia de Río Negro
Arroyo Ventana;Valcheta;Provincia de Río Negro
Nahuel Niyeu;Valcheta;Provincia de Río Negro
Sierra Pailemán;Valcheta;Provincia de Río Negro
Valcheta;Valcheta;Provincia de Río Negro
Aguada de Guerra;"25 de Mayo";Provincia de Río Negro
Clemente Onelli;"25 de Mayo";Provincia de Río Negro
Colan Conhue;"25 de Mayo";Provincia de Río Negro
El Caín;"25 de Mayo";Provincia de Río Negro
Ingeniero Jacobacci;"25 de Mayo";Provincia de Río Negro
Los Menucos;"25 de Mayo";Provincia de Río Negro
Maquinchao;"25 de Mayo";Provincia de Río Negro
Mina Santa Teresita;"25 de Mayo";Provincia de Río Negro
Pilquiniyeu;"25 de Mayo";Provincia de Río Negro
Apolinario Saravia;Anta;Provincia de Salta
Ceibalito;Anta;Provincia de Salta
Centro 25 de Junio;Anta;Provincia de Salta
Coronel Mollinedo;Anta;Provincia de Salta
Coronel Olleros;Anta;Provincia de Salta
El Quebrachal;Anta;Provincia de Salta
Gaona;Anta;Provincia de Salta
General Pizarro;Anta;Provincia de Salta
Joaquín V. González;Anta;Provincia de Salta
Las Lajitas;Anta;Provincia de Salta
Luis Burela;Anta;Provincia de Salta
Macapillo;Anta;Provincia de Salta
Nuestra Señora de Talavera;Anta;Provincia de Salta
Piquete Cabado;Anta;Provincia de Salta
Río del Valle;Anta;Provincia de Salta
Tolloche;Anta;Provincia de Salta
Cachi;Cachi;Provincia de Salta
Payogasta;Cachi;Provincia de Salta
Cafayate;Cafayate;Provincia de Salta
Tolombón;Cafayate;Provincia de Salta
Atocha;Capital;Provincia de Salta
El Tipal y La Almudena;Capital;Provincia de Salta
La Ciénaga y Barrio San Rafael;Capital;Provincia de Salta
Las Costas;Capital;Provincia de Salta
Salta;Capital;Provincia de Salta
Villa San Lorenzo;Capital;Provincia de Salta
Cerrillos ;Cerrillos;Provincia de Salta
La Merced;Cerrillos;Provincia de Salta
San Agustín;Cerrillos;Provincia de Salta
Villa Los Álamos;Cerrillos;Provincia de Salta
Chicoana;Chicoana;Provincia de Salta
El Carril;Chicoana;Provincia de Salta
Campo Santo;General Güemes;Provincia de Salta
Cobos;General Güemes;Provincia de Salta
El Bordo;General Güemes;Provincia de Salta
General Güemes (Est. Güemes);General Güemes;Provincia de Salta
Aguaray;General José de San Martín;Provincia de Salta
Campamento Vespucio ;General José de San Martín;Provincia de Salta
Campichuelo;General José de San Martín;Provincia de Salta
Campo Durán;General José de San Martín;Provincia de Salta
Capiazuti;General José de San Martín;Provincia de Salta
Carboncito;General José de San Martín;Provincia de Salta
Coronel Cornejo;General José de San Martín;Provincia de Salta
Dragones;General José de San Martín;Provincia de Salta
Embarcación;General José de San Martín;Provincia de Salta
General Ballivián;General José de San Martín;Provincia de Salta
General Mosconi (Est. Vespucio);General José de San Martín;Provincia de Salta
Hickman;General José de San Martín;Provincia de Salta
Misión Chaqueña;General José de San Martín;Provincia de Salta
Misión El Cruce - El Milagro - El Jardín de San Martín;General José de San Martín;Provincia de Salta
Misión Kilómetro 6;General José de San Martín;Provincia de Salta
Misión Tierras Fiscales ;General José de San Martín;Provincia de Salta
Pacará;General José de San Martín;Provincia de Salta
Padre Lozano;General José de San Martín;Provincia de Salta
Piquirenda;General José de San Martín;Provincia de Salta
Profesor Salvador Mazza (Est. Pocitos);General José de San Martín;Provincia de Salta
Recaredo;General José de San Martín;Provincia de Salta
Tartagal;General José de San Martín;Provincia de Salta
Tobantirenda;General José de San Martín;Provincia de Salta
Tranquitas;General José de San Martín;Provincia de Salta
Yacuy;General José de San Martín;Provincia de Salta
Guachipas;Guachipas;Provincia de Salta
Iruya;Iruya;Provincia de Salta
Isla de Cañas;Iruya;Provincia de Salta
Pueblo Viejo;Iruya;Provincia de Salta
La Caldera;La Caldera;Provincia de Salta
Vaqueros;La Caldera;Provincia de Salta
El Jardín;La Candelaria;Provincia de Salta
El Tala (Est. Ruiz de los Llanos);La Candelaria;Provincia de Salta
La Candelaria;La Candelaria;Provincia de Salta
Cobres;La Poma;Provincia de Salta
La Poma;La Poma;Provincia de Salta
Ampascachi;La Viña;Provincia de Salta
Cabra Corral;La Viña;Provincia de Salta
Coronel Moldes;La Viña;Provincia de Salta
La Viña;La Viña;Provincia de Salta
Talapampa;La Viña;Provincia de Salta
Olacapato;Los Andes;Provincia de Salta
San Antonio de los Cobres;Los Andes;Provincia de Salta
Santa Rosa de los Pastos Grandes;Los Andes;Provincia de Salta
Tolar Grande;Los Andes;Provincia de Salta
El Galpón (Est. Foguista J. F. Juárez);Metán;Provincia de Salta
El Tunal;Metán;Provincia de Salta
Lumbreras;Metán;Provincia de Salta
San José de Metán (Est. Metán);Metán;Provincia de Salta
Metán Viejo;Metán;Provincia de Salta
Presa El Tunal;Metán;Provincia de Salta
Río Piedras;Metán;Provincia de Salta
San José de Orquera ;Metán;Provincia de Salta
La Puerta;Molinos;Provincia de Salta
Molinos;Molinos;Provincia de Salta
Seclantás;Molinos;Provincia de Salta
Aguas Blancas;Orán;Provincia de Salta
Colonia Santa Rosa;Orán;Provincia de Salta
El Tabacal ;Orán;Provincia de Salta
Hipólito Yrigoyen (Est. Tabacal);Orán;Provincia de Salta
La Misión;Orán;Provincia de Salta
Pichanal ;Orán;Provincia de Salta
San Ramón de la Nueva Orán (Est. Orán);Orán;Provincia de Salta
Urundel;Orán;Provincia de Salta
Alto de la Sierra;Rivadavia;Provincia de Salta
Capitán Juan Pagé;Rivadavia;Provincia de Salta
Coronel Juan Solá (Est. Morillo);Rivadavia;Provincia de Salta
La Unión;Rivadavia;Provincia de Salta
Los Blancos;Rivadavia;Provincia de Salta
Pluma de Pato;Rivadavia;Provincia de Salta
Rivadavia;Rivadavia;Provincia de Salta
Santa María;Rivadavia;Provincia de Salta
Santa Rosa;Rivadavia;Provincia de Salta
Santa Victoria Este;Rivadavia;Provincia de Salta
Antillá;Rosario de la Frontera;Provincia de Salta
Copo Quile;Rosario de la Frontera;Provincia de Salta
El Naranjo;Rosario de la Frontera;Provincia de Salta
El Potrero (Apeadero Cochabamba) ;Rosario de la Frontera;Provincia de Salta
Rosario de la Frontera;Rosario de la Frontera;Provincia de Salta
San Felipe;Rosario de la Frontera;Provincia de Salta
Campo Quijano;Rosario de Lerma;Provincia de Salta
La Silleta;Rosario de Lerma;Provincia de Salta
Rosario de Lerma;Rosario de Lerma;Provincia de Salta
Angastaco;San Carlos;Provincia de Salta
Animaná;San Carlos;Provincia de Salta
El Barrial;San Carlos;Provincia de Salta
San Carlos;San Carlos;Provincia de Salta
Acoyte;Santa Victoria;Provincia de Salta
Campo La Cruz;Santa Victoria;Provincia de Salta
Los Toldos;Santa Victoria;Provincia de Salta
Nazareno;Santa Victoria;Provincia de Salta
Poscaya;Santa Victoria;Provincia de Salta
San Marcos;Santa Victoria;Provincia de Salta
Santa Victoria;Santa Victoria;Provincia de Salta
El Rincón;Albardón;Provincia de San Juan
Villa General San Martín - Campo Afuera;Albardón;Provincia de San Juan
Las Tapias;Angaco;Provincia de San Juan
Villa El Salvador - Villa Sefair;Angaco;Provincia de San Juan
Barreal  - Villa Pituil;Calingasta;Provincia de San Juan
Calingasta ;Calingasta;Provincia de San Juan
Tamberías;Calingasta;Provincia de San Juan
San Juan;Capital;Provincia de San Juan
Bermejo;Caucete;Provincia de San Juan
Caucete ;Caucete;Provincia de San Juan
El Rincón;Caucete;Provincia de San Juan
Las Talas - Los Médanos ;Caucete;Provincia de San Juan
Marayes;Caucete;Provincia de San Juan
Pie de Palo;Caucete;Provincia de San Juan
Vallecito;Caucete;Provincia de San Juan
Villa Independencia;Caucete;Provincia de San Juan
Chimbas;Chimbas;Provincia de San Juan
Angualasto;Iglesia;Provincia de San Juan
Bella Vista;Iglesia;Provincia de San Juan
Iglesia;Iglesia;Provincia de San Juan
Las Flores;Iglesia;Provincia de San Juan
Pismanta;Iglesia;Provincia de San Juan
Rodeo ;Iglesia;Provincia de San Juan
Tudcum;Iglesia;Provincia de San Juan
El Médano;Jáchal;Provincia de San Juan
Gran China;Jáchal;Provincia de San Juan
Huaco;Jáchal;Provincia de San Juan
Mogna;Jáchal;Provincia de San Juan
Niquivil;Jáchal;Provincia de San Juan
Pampa Vieja;Jáchal;Provincia de San Juan
San Isidro;Jáchal;Provincia de San Juan
San José de Jáchal;Jáchal;Provincia de San Juan
Tamberías;Jáchal;Provincia de San Juan
Villa Malvinas Argentinas;Jáchal;Provincia de San Juan
Villa Mercedes;Jáchal;Provincia de San Juan
Alto de Sierra;"9 de Julio";Provincia de San Juan
Colonia Fiorito;"9 de Julio";Provincia de San Juan
Las Chacritas;"9 de Julio";Provincia de San Juan
"9 de Julio ";"9 de Julio";Provincia de San Juan
Barrio Ruta 40;Pocito;Provincia de San Juan
Carpintería;Pocito;Provincia de San Juan
Quinto Cuartel;Pocito;Provincia de San Juan
Villa Aberastain - La Rinconada;Pocito;Provincia de San Juan
Villa Barboza - Villa Nacusi;Pocito;Provincia de San Juan
Villa Centenario;Pocito;Provincia de San Juan
Rawson;Rawson;Provincia de San Juan
Villa Bolaños;Rawson;Provincia de San Juan
Rivadavia;Rivadavia;Provincia de San Juan
Barrio Sadop;San Martín;Provincia de San Juan
Dos Acequias (Est. Los Angacos);San Martín;Provincia de San Juan
San Isidro (Est. Los Angacos);San Martín;Provincia de San Juan
Villa El Salvador;San Martín;Provincia de San Juan
Villa Dominguito (Est. Puntilla Blanca);San Martín;Provincia de San Juan
Villa Don Bosco (Est. Angaco Sud);San Martín;Provincia de San Juan
Villa San Martín ;San Martín;Provincia de San Juan
Colonia Gutiérrez;Santa Lucía;Provincia de San Juan
Santa Lucía;Santa Lucía;Provincia de San Juan
Cañada Honda;Sarmiento;Provincia de San Juan
Cienaguita;Sarmiento;Provincia de San Juan
Colonia Fiscal;Sarmiento;Provincia de San Juan
Divisadero;Sarmiento;Provincia de San Juan
Guanacache;Sarmiento;Provincia de San Juan
Las Lagunas;Sarmiento;Provincia de San Juan
Los Berros;Sarmiento;Provincia de San Juan
Pedernal;Sarmiento;Provincia de San Juan
Punta del Médano;Sarmiento;Provincia de San Juan
Villa Media Agua;Sarmiento;Provincia de San Juan
Villa Ibáñez;Ullum;Provincia de San Juan
Astica;Valle Fértil;Provincia de San Juan
Balde del Rosario;Valle Fértil;Provincia de San Juan
Chucuma;Valle Fértil;Provincia de San Juan
Los Baldecitos;Valle Fértil;Provincia de San Juan
Usno;Valle Fértil;Provincia de San Juan
Villa San Agustín;Valle Fértil;Provincia de San Juan
El Encón;"25 de Mayo";Provincia de San Juan
Tupelí;"25 de Mayo";Provincia de San Juan
Villa Borjas - La Chimbera;"25 de Mayo";Provincia de San Juan
Villa El Tango;"25 de Mayo";Provincia de San Juan
Villa Santa Rosa;"25 de Mayo";Provincia de San Juan
Villa Basilio Nievas ;Zonda;Provincia de San Juan
Candelaria;Ayacucho;Provincia de San Luis
La Majada;Ayacucho;Provincia de San Luis
Leandro N. Alem;Ayacucho;Provincia de San Luis
Luján;Ayacucho;Provincia de San Luis
Quines;Ayacucho;Provincia de San Luis
Río Juan Gómez;Ayacucho;Provincia de San Luis
San Francisco del Monte de Oro;Ayacucho;Provincia de San Luis
La Calera;Belgrano;Provincia de San Luis
Nogolí;Belgrano;Provincia de San Luis
Villa de la Quebrada;Belgrano;Provincia de San Luis
Villa General Roca;Belgrano;Provincia de San Luis
Carolina;Coronel Pringles;Provincia de San Luis
El Trapiche;Coronel Pringles;Provincia de San Luis
Fraga;Coronel Pringles;Provincia de San Luis
La Bajada;Coronel Pringles;Provincia de San Luis
La Florida;Coronel Pringles;Provincia de San Luis
La Toma;Coronel Pringles;Provincia de San Luis
Riocito;Coronel Pringles;Provincia de San Luis
Río Grande;Coronel Pringles;Provincia de San Luis
Saladillo;Coronel Pringles;Provincia de San Luis
Concarán;Chacabuco;Provincia de San Luis
Cortaderas;Chacabuco;Provincia de San Luis
Naschel;Chacabuco;Provincia de San Luis
Papagayos;Chacabuco;Provincia de San Luis
Renca;Chacabuco;Provincia de San Luis
San Pablo;Chacabuco;Provincia de San Luis
Tilisarao;Chacabuco;Provincia de San Luis
Villa del Carmen;Chacabuco;Provincia de San Luis
Villa Larca;Chacabuco;Provincia de San Luis
Juan Jorba;General Pedernera;Provincia de San Luis
Juan Llerena;General Pedernera;Provincia de San Luis
Justo Daract;General Pedernera;Provincia de San Luis
La Punilla;General Pedernera;Provincia de San Luis
Lavaisse;General Pedernera;Provincia de San Luis
San José del Morro;General Pedernera;Provincia de San Luis
Villa Mercedes ;General Pedernera;Provincia de San Luis
Villa Reynolds;General Pedernera;Provincia de San Luis
Villa Salles ;General Pedernera;Provincia de San Luis
Anchorena;Gobernador Dupuy;Provincia de San Luis
Arizona;Gobernador Dupuy;Provincia de San Luis
Bagual;Gobernador Dupuy;Provincia de San Luis
Batavia;Gobernador Dupuy;Provincia de San Luis
Buena Esperanza;Gobernador Dupuy;Provincia de San Luis
Fortín El Patria;Gobernador Dupuy;Provincia de San Luis
Fortuna;Gobernador Dupuy;Provincia de San Luis
La Maroma;Gobernador Dupuy;Provincia de San Luis
Los Overos;Gobernador Dupuy;Provincia de San Luis
Martín de Loyola;Gobernador Dupuy;Provincia de San Luis
Nahuel Mapá;Gobernador Dupuy;Provincia de San Luis
Navia;Gobernador Dupuy;Provincia de San Luis
Nueva Galia;Gobernador Dupuy;Provincia de San Luis
Unión;Gobernador Dupuy;Provincia de San Luis
Carpintería;Junín;Provincia de San Luis
Cerro de Oro;Junín;Provincia de San Luis
Lafinur;Junín;Provincia de San Luis
Los Cajones;Junín;Provincia de San Luis
Los Molles;Junín;Provincia de San Luis
Merlo ;Junín;Provincia de San Luis
Santa Rosa del Conlara;Junín;Provincia de San Luis
Talita;Junín;Provincia de San Luis
Alto Pelado;Juan Martín de Pueyrredón;Provincia de San Luis
Alto Pencoso;Juan Martín de Pueyrredón;Provincia de San Luis
Balde;Juan Martín de Pueyrredón;Provincia de San Luis
Beazley;Juan Martín de Pueyrredón;Provincia de San Luis
Cazador;Juan Martín de Pueyrredón;Provincia de San Luis
Chosmes;Juan Martín de Pueyrredón;Provincia de San Luis
Desaguadero;Juan Martín de Pueyrredón;Provincia de San Luis
El Volcán;Juan Martín de Pueyrredón;Provincia de San Luis
Jarilla;Juan Martín de Pueyrredón;Provincia de San Luis
Juana Koslay ;Juan Martín de Pueyrredón;Provincia de San Luis
La Punta;Juan Martín de Pueyrredón;Provincia de San Luis
Mosmota;Juan Martín de Pueyrredón;Provincia de San Luis
Potrero de los Funes;Juan Martín de Pueyrredón;Provincia de San Luis
Salinas del Bebedero;Juan Martín de Pueyrredón;Provincia de San Luis
San Jerónimo;Juan Martín de Pueyrredón;Provincia de San Luis
San Luis;Juan Martín de Pueyrredón;Provincia de San Luis
Zanjitas;Juan Martín de Pueyrredón;Provincia de San Luis
La Vertiente;Libertador General San Martín;Provincia de San Luis
Las Aguadas;Libertador General San Martín;Provincia de San Luis
Las Chacras;Libertador General San Martín;Provincia de San Luis
Las Lagunas;Libertador General San Martín;Provincia de San Luis
Paso Grande;Libertador General San Martín;Provincia de San Luis
Potrerillo;Libertador General San Martín;Provincia de San Luis
San Martín;Libertador General San Martín;Provincia de San Luis
Villa de Praga;Libertador General San Martín;Provincia de San Luis
Comandante Luis Piedrabuena;Corpen Aike;Provincia de Santa Cruz
Puerto Santa Cruz;Corpen Aike;Provincia de Santa Cruz
Caleta Olivia;Deseado;Provincia de Santa Cruz
Cañadón Seco;Deseado;Provincia de Santa Cruz
Fitz Roy;Deseado;Provincia de Santa Cruz
Jaramillo;Deseado;Provincia de Santa Cruz
Koluel Kaike;Deseado;Provincia de Santa Cruz
Las Heras;Deseado;Provincia de Santa Cruz
Pico Truncado;Deseado;Provincia de Santa Cruz
Puerto Deseado;Deseado;Provincia de Santa Cruz
Tellier;Deseado;Provincia de Santa Cruz
El Turbio (Est. Gobernador Mayer);Güer Aike;Provincia de Santa Cruz
Julia Dufour;Güer Aike;Provincia de Santa Cruz
Mina 3;Güer Aike;Provincia de Santa Cruz
Río Gallegos;Güer Aike;Provincia de Santa Cruz
Rospentek;Güer Aike;Provincia de Santa Cruz
"28 de Noviembre";Güer Aike;Provincia de Santa Cruz
Yacimientos Río Turbio ;Güer Aike;Provincia de Santa Cruz
El Calafate;Lago Argentino;Provincia de Santa Cruz
El Chaltén;Lago Argentino;Provincia de Santa Cruz
Tres Lagos;Lago Argentino;Provincia de Santa Cruz
Los Antiguos;Lago Buenos Aires;Provincia de Santa Cruz
Perito Moreno ;Lago Buenos Aires;Provincia de Santa Cruz
Puerto San Julián;Magallanes;Provincia de Santa Cruz
Bajo Caracoles;Río Chico;Provincia de Santa Cruz
Gobernador Gregores ;Río Chico;Provincia de Santa Cruz
Hipólito Yrigoyen;Río Chico;Provincia de Santa Cruz
Armstrong;Belgrano;Provincia de Santa Fe
Bouquet;Belgrano;Provincia de Santa Fe
Las Parejas;Belgrano;Provincia de Santa Fe
Las Rosas;Belgrano;Provincia de Santa Fe
Montes de Oca;Belgrano;Provincia de Santa Fe
Tortugas;Belgrano;Provincia de Santa Fe
Arequito;Caseros;Provincia de Santa Fe
Arteaga;Caseros;Provincia de Santa Fe
Beravebú;Caseros;Provincia de Santa Fe
Bigand;Caseros;Provincia de Santa Fe
Casilda;Caseros;Provincia de Santa Fe
Chabas;Caseros;Provincia de Santa Fe
Chañar Ladeado;Caseros;Provincia de Santa Fe
Gödeken;Caseros;Provincia de Santa Fe
Los Molinos;Caseros;Provincia de Santa Fe
Los Nogales;Caseros;Provincia de Santa Fe
Los Quirquinchos;Caseros;Provincia de Santa Fe
San José de la Esquina;Caseros;Provincia de Santa Fe
Sanford;Caseros;Provincia de Santa Fe
Villada;Caseros;Provincia de Santa Fe
Aldao (Est. Casablanca);Castellanos;Provincia de Santa Fe
Angélica;Castellanos;Provincia de Santa Fe
Ataliva;Castellanos;Provincia de Santa Fe
Aurelia;Castellanos;Provincia de Santa Fe
Barrios Acapulco y Veracruz;Castellanos;Provincia de Santa Fe
Bauer y Sigel;Castellanos;Provincia de Santa Fe
Bella Italia;Castellanos;Provincia de Santa Fe
Castellanos;Castellanos;Provincia de Santa Fe
Colonia Bicha;Castellanos;Provincia de Santa Fe
Colonia Cello;Castellanos;Provincia de Santa Fe
Colonia Margarita;Castellanos;Provincia de Santa Fe
Colonia Raquel;Castellanos;Provincia de Santa Fe
Coronel Fraga;Castellanos;Provincia de Santa Fe
Egusquiza;Castellanos;Provincia de Santa Fe
Esmeralda;Castellanos;Provincia de Santa Fe
Estación Clucellas;Castellanos;Provincia de Santa Fe
Estación Saguier;Castellanos;Provincia de Santa Fe
Eusebia y Carolina;Castellanos;Provincia de Santa Fe
Eustolia;Castellanos;Provincia de Santa Fe
Frontera;Castellanos;Provincia de Santa Fe
Garibaldi;Castellanos;Provincia de Santa Fe
Humberto Primo;Castellanos;Provincia de Santa Fe
Josefina;Castellanos;Provincia de Santa Fe
Lehmann ;Castellanos;Provincia de Santa Fe
María Juana;Castellanos;Provincia de Santa Fe
Nueva Lehmann;Castellanos;Provincia de Santa Fe
Plaza Clucellas;Castellanos;Provincia de Santa Fe
Plaza Saguier;Castellanos;Provincia de Santa Fe
Presidente Roca;Castellanos;Provincia de Santa Fe
Pueblo Marini;Castellanos;Provincia de Santa Fe
Rafaela;Castellanos;Provincia de Santa Fe
Ramona;Castellanos;Provincia de Santa Fe
San Antonio;Castellanos;Provincia de Santa Fe
San Vicente;Castellanos;Provincia de Santa Fe
Santa Clara de Saguier;Castellanos;Provincia de Santa Fe
Sunchales;Castellanos;Provincia de Santa Fe
Susana;Castellanos;Provincia de Santa Fe
Tacural ;Castellanos;Provincia de Santa Fe
Vila;Castellanos;Provincia de Santa Fe
Villa Josefina;Castellanos;Provincia de Santa Fe
Villa San José;Castellanos;Provincia de Santa Fe
Virginia;Castellanos;Provincia de Santa Fe
Zenón Pereyra;Castellanos;Provincia de Santa Fe
Alcorta;Constitución;Provincia de Santa Fe
Barrio Arroyo del Medio;Constitución;Provincia de Santa Fe
Barrio Mitre;Constitución;Provincia de Santa Fe
Bombal;Constitución;Provincia de Santa Fe
Cañada Rica;Constitución;Provincia de Santa Fe
Cepeda;Constitución;Provincia de Santa Fe
Empalme Villa Constitución;Constitución;Provincia de Santa Fe
Firmat;Constitución;Provincia de Santa Fe
General Gelly;Constitución;Provincia de Santa Fe
Godoy;Constitución;Provincia de Santa Fe
Juan B. Molina;Constitución;Provincia de Santa Fe
Juncal;Constitución;Provincia de Santa Fe
La Vanguardia;Constitución;Provincia de Santa Fe
Máximo Paz (Est. Paz);Constitución;Provincia de Santa Fe
Pavón;Constitución;Provincia de Santa Fe
Pavón Arriba;Constitución;Provincia de Santa Fe
Peyrano;Constitución;Provincia de Santa Fe
Rueda;Constitución;Provincia de Santa Fe
Santa Teresa;Constitución;Provincia de Santa Fe
Sargento Cabral;Constitución;Provincia de Santa Fe
Stephenson;Constitución;Provincia de Santa Fe
Theobald;Constitución;Provincia de Santa Fe
Villa Constitución;Constitución;Provincia de Santa Fe
Cayastá;Garay;Provincia de Santa Fe
Helvecia;Garay;Provincia de Santa Fe
Los Zapallos;Garay;Provincia de Santa Fe
Saladero Mariano Cabal;Garay;Provincia de Santa Fe
Santa Rosa de Calchines ;Garay;Provincia de Santa Fe
Aarón Castellanos (Est. Castellanos);General López;Provincia de Santa Fe
Amenábar;General López;Provincia de Santa Fe
Cafferata;General López;Provincia de Santa Fe
Cañada del Ucle;General López;Provincia de Santa Fe
Carmen;General López;Provincia de Santa Fe
Carreras;General López;Provincia de Santa Fe
Chapuy;General López;Provincia de Santa Fe
Chovet;General López;Provincia de Santa Fe
Christophersen;General López;Provincia de Santa Fe
Diego de Alvear;General López;Provincia de Santa Fe
Elortondo;General López;Provincia de Santa Fe
Firmat;General López;Provincia de Santa Fe
Hughes;General López;Provincia de Santa Fe
La Chispa;General López;Provincia de Santa Fe
Labordeboy;General López;Provincia de Santa Fe
Lazzarino;General López;Provincia de Santa Fe
Maggiolo;General López;Provincia de Santa Fe
María Teresa;General López;Provincia de Santa Fe
Melincué  (Est. San Urbano);General López;Provincia de Santa Fe
Miguel Torres;General López;Provincia de Santa Fe
Murphy;General López;Provincia de Santa Fe
Rufino;General López;Provincia de Santa Fe
San Eduardo;General López;Provincia de Santa Fe
San Francisco de Santa Fe;General López;Provincia de Santa Fe
San Gregorio;General López;Provincia de Santa Fe
Sancti Spiritu;General López;Provincia de Santa Fe
Santa Isabel;General López;Provincia de Santa Fe
Teodelina;General López;Provincia de Santa Fe
Venado Tuerto;General López;Provincia de Santa Fe
Villa Cañás;General López;Provincia de Santa Fe
Wheelwright;General López;Provincia de Santa Fe
Arroyo Ceibal;General Obligado;Provincia de Santa Fe
Avellaneda (Est. Ewald);General Obligado;Provincia de Santa Fe
Berna;General Obligado;Provincia de Santa Fe
El Araza;General Obligado;Provincia de Santa Fe
El Rabón;General Obligado;Provincia de Santa Fe
Florencia;General Obligado;Provincia de Santa Fe
Guadalupe Norte;General Obligado;Provincia de Santa Fe
Ingeniero Chanourdie;General Obligado;Provincia de Santa Fe
La Isleta;General Obligado;Provincia de Santa Fe
La Sarita;General Obligado;Provincia de Santa Fe
Lanteri;General Obligado;Provincia de Santa Fe
Las Garzas;General Obligado;Provincia de Santa Fe
Las Toscas;General Obligado;Provincia de Santa Fe
Los Laureles;General Obligado;Provincia de Santa Fe
Malabrigo ;General Obligado;Provincia de Santa Fe
Paraje San Manuel;General Obligado;Provincia de Santa Fe
Puerto Reconquista;General Obligado;Provincia de Santa Fe
Reconquista;General Obligado;Provincia de Santa Fe
San Antonio de Obligado;General Obligado;Provincia de Santa Fe
Tacuarendí (Emb. Kilómetro 421);General Obligado;Provincia de Santa Fe
Villa Ana;General Obligado;Provincia de Santa Fe
Villa Guillermina;General Obligado;Provincia de Santa Fe
Villa Ocampo;General Obligado;Provincia de Santa Fe
Barrio Cicarelli;Iriondo;Provincia de Santa Fe
Bustinza;Iriondo;Provincia de Santa Fe
Cañada de Gómez;Iriondo;Provincia de Santa Fe
Carrizales (Est. Clarke);Iriondo;Provincia de Santa Fe
Classon;Iriondo;Provincia de Santa Fe
Colonia Médici;Iriondo;Provincia de Santa Fe
Correa;Iriondo;Provincia de Santa Fe
Larguía;Iriondo;Provincia de Santa Fe
Lucio V. López;Iriondo;Provincia de Santa Fe
Oliveros;Iriondo;Provincia de Santa Fe
Pueblo Andino;Iriondo;Provincia de Santa Fe
Salto Grande ;Iriondo;Provincia de Santa Fe
Serodino;Iriondo;Provincia de Santa Fe
Totoras ;Iriondo;Provincia de Santa Fe
Villa Eloísa;Iriondo;Provincia de Santa Fe
Villa La Rivera (Comuna Oliveros);Iriondo;Provincia de Santa Fe
Villa La Rivera (Comuna Pueblo Andino);Iriondo;Provincia de Santa Fe
Angel Gallardo;La Capital;Provincia de Santa Fe
Arroyo Aguiar ;La Capital;Provincia de Santa Fe
Arroyo Leyes;La Capital;Provincia de Santa Fe
Cabal;La Capital;Provincia de Santa Fe
Campo Andino;La Capital;Provincia de Santa Fe
Candioti;La Capital;Provincia de Santa Fe
Emilia;La Capital;Provincia de Santa Fe
Laguna Paiva;La Capital;Provincia de Santa Fe
Llambi Campbell;La Capital;Provincia de Santa Fe
Monte Vera ;La Capital;Provincia de Santa Fe
Nelson ;La Capital;Provincia de Santa Fe
Paraje Chaco Chico;La Capital;Provincia de Santa Fe
Paraje La Costa;La Capital;Provincia de Santa Fe
Recreo;La Capital;Provincia de Santa Fe
Rincón Potrero;La Capital;Provincia de Santa Fe
San José del Rincón;La Capital;Provincia de Santa Fe
Santa Fe;La Capital;Provincia de Santa Fe
Santo Tomé;La Capital;Provincia de Santa Fe
Sauce Viejo;La Capital;Provincia de Santa Fe
Villa Laura (Est. Constituyentes);La Capital;Provincia de Santa Fe
Cavour;Las Colonias;Provincia de Santa Fe
Cululú;Las Colonias;Provincia de Santa Fe
Elisa;Las Colonias;Provincia de Santa Fe
Empalme San Carlos;Las Colonias;Provincia de Santa Fe
Esperanza;Las Colonias;Provincia de Santa Fe
Felicia;Las Colonias;Provincia de Santa Fe
Franck;Las Colonias;Provincia de Santa Fe
Grutly;Las Colonias;Provincia de Santa Fe
Hipatía;Las Colonias;Provincia de Santa Fe
Humboldt;Las Colonias;Provincia de Santa Fe
Jacinto L. Aráuz;Las Colonias;Provincia de Santa Fe
La Pelada;Las Colonias;Provincia de Santa Fe
Las Tunas;Las Colonias;Provincia de Santa Fe
María Luisa;Las Colonias;Provincia de Santa Fe
Matilde;Las Colonias;Provincia de Santa Fe
Nuevo Torino;Las Colonias;Provincia de Santa Fe
Pilar;Las Colonias;Provincia de Santa Fe
Plaza Matilde;Las Colonias;Provincia de Santa Fe
Progreso;Las Colonias;Provincia de Santa Fe
Providencia;Las Colonias;Provincia de Santa Fe
Sa Pereyra;Las Colonias;Provincia de Santa Fe
San Agustín;Las Colonias;Provincia de Santa Fe
San Carlos Centro;Las Colonias;Provincia de Santa Fe
San Carlos Norte;Las Colonias;Provincia de Santa Fe
San Carlos Sud;Las Colonias;Provincia de Santa Fe
San Jerónimo del Sauce;Las Colonias;Provincia de Santa Fe
San Jerónimo Norte;Las Colonias;Provincia de Santa Fe
San Mariano;Las Colonias;Provincia de Santa Fe
Santa Clara de Buena Vista;Las Colonias;Provincia de Santa Fe
Santo Domingo ;Las Colonias;Provincia de Santa Fe
Sarmiento;Las Colonias;Provincia de Santa Fe
Esteban Rams;"9 de Julio";Provincia de Santa Fe
Gato Colorado ;"9 de Julio";Provincia de Santa Fe
Gregoria Pérez de Denis  (Est. El Nochero) ;"9 de Julio";Provincia de Santa Fe
Logroño;"9 de Julio";Provincia de Santa Fe
Montefiore;"9 de Julio";Provincia de Santa Fe
Pozo Borrado;"9 de Julio";Provincia de Santa Fe
Santa Margarita;"9 de Julio";Provincia de Santa Fe
Tostado;"9 de Julio";Provincia de Santa Fe
Villa Minetti ;"9 de Julio";Provincia de Santa Fe
Acébal;Rosario;Provincia de Santa Fe
Albarellos;Rosario;Provincia de Santa Fe
Álvarez;Rosario;Provincia de Santa Fe
Alvear;Rosario;Provincia de Santa Fe
Arbilla;Rosario;Provincia de Santa Fe
Arminda;Rosario;Provincia de Santa Fe
Arroyo Seco ;Rosario;Provincia de Santa Fe
Carmen del Sauce;Rosario;Provincia de Santa Fe
Coronel Bogado;Rosario;Provincia de Santa Fe
Coronel Rodolfo S. Domínguez;Rosario;Provincia de Santa Fe
Cuatro Esquinas;Rosario;Provincia de Santa Fe
El Caramelo;Rosario;Provincia de Santa Fe
Fighiera;Rosario;Provincia de Santa Fe
Funes;Rosario;Provincia de Santa Fe
General Lagos;Rosario;Provincia de Santa Fe
Granadero Baigorria;Rosario;Provincia de Santa Fe
Ibarlucea;Rosario;Provincia de Santa Fe
Kilómetro 101;Rosario;Provincia de Santa Fe
Monte Flores;Rosario;Provincia de Santa Fe
Pérez;Rosario;Provincia de Santa Fe
Piñero (Est. Erasto);Rosario;Provincia de Santa Fe
Pueblo Esther;Rosario;Provincia de Santa Fe
Pueblo Muñoz (Est. Bernard);Rosario;Provincia de Santa Fe
Pueblo Uranga ;Rosario;Provincia de Santa Fe
Puerto Arroyo Seco;Rosario;Provincia de Santa Fe
Rosario;Rosario;Provincia de Santa Fe
Soldini;Rosario;Provincia de Santa Fe
Villa Amelia;Rosario;Provincia de Santa Fe
Villa del Plata;Rosario;Provincia de Santa Fe
Villa Gobernador Gálvez;Rosario;Provincia de Santa Fe
Zavalla;Rosario;Provincia de Santa Fe
Aguará Grande;San Cristóbal;Provincia de Santa Fe
Ambrosetti;San Cristóbal;Provincia de Santa Fe
Arrufo;San Cristóbal;Provincia de Santa Fe
Balneario La Verde;San Cristóbal;Provincia de Santa Fe
Capivara;San Cristóbal;Provincia de Santa Fe
Ceres;San Cristóbal;Provincia de Santa Fe
Colonia Ana;San Cristóbal;Provincia de Santa Fe
Colonia Bossi;San Cristóbal;Provincia de Santa Fe
Colonia Rosa;San Cristóbal;Provincia de Santa Fe
Constanza;San Cristóbal;Provincia de Santa Fe
Curupaytí;San Cristóbal;Provincia de Santa Fe
Hersilia;San Cristóbal;Provincia de Santa Fe
Huanqueros;San Cristóbal;Provincia de Santa Fe
La Cabral;San Cristóbal;Provincia de Santa Fe
La Rubia;San Cristóbal;Provincia de Santa Fe
Las Avispas;San Cristóbal;Provincia de Santa Fe
Las Palmeras;San Cristóbal;Provincia de Santa Fe
Moisés Ville;San Cristóbal;Provincia de Santa Fe
Monigotes;San Cristóbal;Provincia de Santa Fe
Ñanducita;San Cristóbal;Provincia de Santa Fe
Palacios;San Cristóbal;Provincia de Santa Fe
San Cristóbal;San Cristóbal;Provincia de Santa Fe
San Guillermo;San Cristóbal;Provincia de Santa Fe
Santurce;San Cristóbal;Provincia de Santa Fe
Soledad;San Cristóbal;Provincia de Santa Fe
Suardi;San Cristóbal;Provincia de Santa Fe
Villa Saralegui;San Cristóbal;Provincia de Santa Fe
Villa Trinidad;San Cristóbal;Provincia de Santa Fe
Alejandra;San Javier;Provincia de Santa Fe
Cacique Ariacaiquín;San Javier;Provincia de Santa Fe
Colonia Durán;San Javier;Provincia de Santa Fe
La Brava;San Javier;Provincia de Santa Fe
Romang;San Javier;Provincia de Santa Fe
San Javier;San Javier;Provincia de Santa Fe
Arocena;San Jerónimo;Provincia de Santa Fe
Balneario Monje;San Jerónimo;Provincia de Santa Fe
Barrancas;San Jerónimo;Provincia de Santa Fe
Barrio Caima;San Jerónimo;Provincia de Santa Fe
Barrio El Pacaá - Barrio Comipini;San Jerónimo;Provincia de Santa Fe
Bernardo de Irigoyen (Est. Irigoyen);San Jerónimo;Provincia de Santa Fe
Casalegno;San Jerónimo;Provincia de Santa Fe
Centeno;San Jerónimo;Provincia de Santa Fe
Coronda;San Jerónimo;Provincia de Santa Fe
Desvío Arijón;San Jerónimo;Provincia de Santa Fe
Díaz;San Jerónimo;Provincia de Santa Fe
Gaboto;San Jerónimo;Provincia de Santa Fe
Gálvez;San Jerónimo;Provincia de Santa Fe
Gessler;San Jerónimo;Provincia de Santa Fe
Irigoyen;San Jerónimo;Provincia de Santa Fe
Larrechea;San Jerónimo;Provincia de Santa Fe
Loma Alta;San Jerónimo;Provincia de Santa Fe
López (Est. San Martín de Tours);San Jerónimo;Provincia de Santa Fe
Maciel;San Jerónimo;Provincia de Santa Fe
Monje;San Jerónimo;Provincia de Santa Fe
Puerto Aragón;San Jerónimo;Provincia de Santa Fe
San Eugenio;San Jerónimo;Provincia de Santa Fe
San Fabián;San Jerónimo;Provincia de Santa Fe
San Genaro;San Jerónimo;Provincia de Santa Fe
San Genaro Norte;San Jerónimo;Provincia de Santa Fe
Angeloni;San Justo;Provincia de Santa Fe
Cayastacito;San Justo;Provincia de Santa Fe
Colonia Dolores;San Justo;Provincia de Santa Fe
Esther;San Justo;Provincia de Santa Fe
Gobernador Crespo ;San Justo;Provincia de Santa Fe
La Criolla (Est. Cañadita);San Justo;Provincia de Santa Fe
La Penca y Caraguatá;San Justo;Provincia de Santa Fe
Marcelino Escalada;San Justo;Provincia de Santa Fe
Naré;San Justo;Provincia de Santa Fe
Pedro Gómez Cello;San Justo;Provincia de Santa Fe
Ramayón;San Justo;Provincia de Santa Fe
San Bernardo;San Justo;Provincia de Santa Fe
San Justo;San Justo;Provincia de Santa Fe
San Martín Norte;San Justo;Provincia de Santa Fe
Silva (Est. Abipones);San Justo;Provincia de Santa Fe
Vera y Pintado (Est. Guaraníes);San Justo;Provincia de Santa Fe
Videla;San Justo;Provincia de Santa Fe
Aldao;San Lorenzo;Provincia de Santa Fe
Capitán Bermúdez;San Lorenzo;Provincia de Santa Fe
Carcarañá;San Lorenzo;Provincia de Santa Fe
Coronel Arnold;San Lorenzo;Provincia de Santa Fe
Fray Luis Beltrán;San Lorenzo;Provincia de Santa Fe
Fuentes;San Lorenzo;Provincia de Santa Fe
Luis Palacios (Est. La Salada);San Lorenzo;Provincia de Santa Fe
Puerto General San Martín;San Lorenzo;Provincia de Santa Fe
Pujato ;San Lorenzo;Provincia de Santa Fe
Ricardone;San Lorenzo;Provincia de Santa Fe
Roldán;San Lorenzo;Provincia de Santa Fe
San Jerónimo Sud;San Lorenzo;Provincia de Santa Fe
San Lorenzo;San Lorenzo;Provincia de Santa Fe
Timbúes;San Lorenzo;Provincia de Santa Fe
Villa Elvira;San Lorenzo;Provincia de Santa Fe
Villa Mugueta;San Lorenzo;Provincia de Santa Fe
Cañada Rosquín;San Martín;Provincia de Santa Fe
Carlos Pellegrini;San Martín;Provincia de Santa Fe
Casas;San Martín;Provincia de Santa Fe
Castelar;San Martín;Provincia de Santa Fe
Colonia Belgrano;San Martín;Provincia de Santa Fe
Crispi;San Martín;Provincia de Santa Fe
El Trébol;San Martín;Provincia de Santa Fe
Landeta ;San Martín;Provincia de Santa Fe
Las Bandurrias;San Martín;Provincia de Santa Fe
Las Petacas;San Martín;Provincia de Santa Fe
Los Cardos;San Martín;Provincia de Santa Fe
María Susana;San Martín;Provincia de Santa Fe
Piamonte;San Martín;Provincia de Santa Fe
San Jorge;San Martín;Provincia de Santa Fe
San Martín de las Escobas;San Martín;Provincia de Santa Fe
Sastre;San Martín;Provincia de Santa Fe
Traill;San Martín;Provincia de Santa Fe
Wildermuth (Est. Granadero B. Bustos);San Martín;Provincia de Santa Fe
Calchaquí ;Vera;Provincia de Santa Fe
Cañada Ombú;Vera;Provincia de Santa Fe
Colmena;Vera;Provincia de Santa Fe
Fortín Olmos;Vera;Provincia de Santa Fe
Garabato;Vera;Provincia de Santa Fe
Golondrina;Vera;Provincia de Santa Fe
Intiyaco;Vera;Provincia de Santa Fe
Kilómetro 115;Vera;Provincia de Santa Fe
La Gallareta;Vera;Provincia de Santa Fe
Los Amores;Vera;Provincia de Santa Fe
Margarita;Vera;Provincia de Santa Fe
Paraje 29;Vera;Provincia de Santa Fe
Pozo de los Indios;Vera;Provincia de Santa Fe
Pueblo Santa Lucía;Vera;Provincia de Santa Fe
Tartagal (Est. El Tajamar);Vera;Provincia de Santa Fe
Toba;Vera;Provincia de Santa Fe
Vera (Est. Gobernador Vera) ;Vera;Provincia de Santa Fe
Argentina;Aguirre;Provincia de Santiago del Estero
Casares;Aguirre;Provincia de Santiago del Estero
Malbrán;Aguirre;Provincia de Santiago del Estero
Villa General Mitre (Est. Pinto);Aguirre;Provincia de Santiago del Estero
Campo Gallo;Alberdi;Provincia de Santiago del Estero
Coronel Manuel L. Rico;Alberdi;Provincia de Santiago del Estero
Donadeu;Alberdi;Provincia de Santiago del Estero
Sachayoj;Alberdi;Provincia de Santiago del Estero
Santos Lugares;Alberdi;Provincia de Santiago del Estero
Estación Atamisqui;Atamisqui;Provincia de Santiago del Estero
Medellín;Atamisqui;Provincia de Santiago del Estero
Villa Atamisqui;Atamisqui;Provincia de Santiago del Estero
Colonia Dora;Avellaneda;Provincia de Santiago del Estero
Herrera;Avellaneda;Provincia de Santiago del Estero
Icaño;Avellaneda;Provincia de Santiago del Estero
Lugones;Avellaneda;Provincia de Santiago del Estero
Real Sayana;Avellaneda;Provincia de Santiago del Estero
Villa Mailín;Avellaneda;Provincia de Santiago del Estero
Abra Grande;Banda;Provincia de Santiago del Estero
Antajé;Banda;Provincia de Santiago del Estero
Ardiles;Banda;Provincia de Santiago del Estero
Cañada Escobar;Banda;Provincia de Santiago del Estero
Chaupi Pozo;Banda;Provincia de Santiago del Estero
Clodomira;Banda;Provincia de Santiago del Estero
Huyamampa;Banda;Provincia de Santiago del Estero
La Aurora;Banda;Provincia de Santiago del Estero
La Banda;Banda;Provincia de Santiago del Estero
La Dársena;Banda;Provincia de Santiago del Estero
Los Quiroga;Banda;Provincia de Santiago del Estero
Los Soria;Banda;Provincia de Santiago del Estero
Simbolar;Banda;Provincia de Santiago del Estero
Tramo 16;Banda;Provincia de Santiago del Estero
Tramo 20;Banda;Provincia de Santiago del Estero
Bandera;Belgrano;Provincia de Santiago del Estero
Cuatro Bocas;Belgrano;Provincia de Santiago del Estero
Fortín Inca;Belgrano;Provincia de Santiago del Estero
Guardia Escolta;Belgrano;Provincia de Santiago del Estero
El Deán;Capital;Provincia de Santiago del Estero
El Mojón;Capital;Provincia de Santiago del Estero
El Zanjón;Capital;Provincia de Santiago del Estero
Los Cardozos;Capital;Provincia de Santiago del Estero
Maco;Capital;Provincia de Santiago del Estero
Maquito;Capital;Provincia de Santiago del Estero
Morales;Capital;Provincia de Santiago del Estero
Puesto de San Antonio;Capital;Provincia de Santiago del Estero
San Pedro;Capital;Provincia de Santiago del Estero
Santa María;Capital;Provincia de Santiago del Estero
Santiago del Estero;Capital;Provincia de Santiago del Estero
Vuelta de la Barranca;Capital;Provincia de Santiago del Estero
Yanda;Capital;Provincia de Santiago del Estero
El Caburé;Copo;Provincia de Santiago del Estero
La Firmeza;Copo;Provincia de Santiago del Estero
Los Pirpintos;Copo;Provincia de Santiago del Estero
Los Tigres;Copo;Provincia de Santiago del Estero
Monte Quemado;Copo;Provincia de Santiago del Estero
Nueva Esperanza;Copo;Provincia de Santiago del Estero
Pampa de los Guanacos;Copo;Provincia de Santiago del Estero
San José del Boquerón;Copo;Provincia de Santiago del Estero
Urutaú;Copo;Provincia de Santiago del Estero
Ancaján;Choya;Provincia de Santiago del Estero
Choya;Choya;Provincia de Santiago del Estero
Estación La Punta;Choya;Provincia de Santiago del Estero
Frías;Choya;Provincia de Santiago del Estero
Laprida;Choya;Provincia de Santiago del Estero
Las Palmitas;Choya;Provincia de Santiago del Estero
San Pedro;Choya;Provincia de Santiago del Estero
Tapso;Choya;Provincia de Santiago del Estero
Villa La Punta;Choya;Provincia de Santiago del Estero
Bandera Bajada;Figueroa;Provincia de Santiago del Estero
Caspi Corral;Figueroa;Provincia de Santiago del Estero
Colonia San Juan;Figueroa;Provincia de Santiago del Estero
El Crucero;Figueroa;Provincia de Santiago del Estero
Kilómetro 30;Figueroa;Provincia de Santiago del Estero
La Cañada;Figueroa;Provincia de Santiago del Estero
La Invernada;Figueroa;Provincia de Santiago del Estero
Minerva;Figueroa;Provincia de Santiago del Estero
Vaca Huañuna;Figueroa;Provincia de Santiago del Estero
Villa Figueroa;Figueroa;Provincia de Santiago del Estero
Añatuya;General Taboada;Provincia de Santiago del Estero
Averías;General Taboada;Provincia de Santiago del Estero
Estación Tacañitas;General Taboada;Provincia de Santiago del Estero
La Nena;General Taboada;Provincia de Santiago del Estero
Los Juríes;General Taboada;Provincia de Santiago del Estero
Tomás Young;General Taboada;Provincia de Santiago del Estero
Lavalle;Guasayán;Provincia de Santiago del Estero
San Pedro;Guasayán;Provincia de Santiago del Estero
El Bobadal;Jiménez;Provincia de Santiago del Estero
El Charco;Jiménez;Provincia de Santiago del Estero
El Rincón;Jiménez;Provincia de Santiago del Estero
Gramilla;Jiménez;Provincia de Santiago del Estero
Isca Yacu;Jiménez;Provincia de Santiago del Estero
Isca Yacu Semaul;Jiménez;Provincia de Santiago del Estero
Pozo Hondo;Jiménez;Provincia de Santiago del Estero
San Pedro;Jiménez;Provincia de Santiago del Estero
El Colorado;Juan Felipe Ibarra;Provincia de Santiago del Estero
El Cuadrado;Juan Felipe Ibarra;Provincia de Santiago del Estero
Matará;Juan Felipe Ibarra;Provincia de Santiago del Estero
Suncho Corral;Juan Felipe Ibarra;Provincia de Santiago del Estero
Vilelas;Juan Felipe Ibarra;Provincia de Santiago del Estero
Yuchán;Juan Felipe Ibarra;Provincia de Santiago del Estero
Villa San Martín (Est. Loreto);Loreto;Provincia de Santiago del Estero
Villa Unión;Mitre;Provincia de Santiago del Estero
Aerolito;Moreno;Provincia de Santiago del Estero
Alhuampa ;Moreno;Provincia de Santiago del Estero
Hasse;Moreno;Provincia de Santiago del Estero
Hernán Mejía Miraval;Moreno;Provincia de Santiago del Estero
Las Tinajas;Moreno;Provincia de Santiago del Estero
Libertad;Moreno;Provincia de Santiago del Estero
Lilo Viejo;Moreno;Provincia de Santiago del Estero
Patay;Moreno;Provincia de Santiago del Estero
Pueblo Pablo Torelo (Est. Otumpa);Moreno;Provincia de Santiago del Estero
Quimili;Moreno;Provincia de Santiago del Estero
Roversi;Moreno;Provincia de Santiago del Estero
Tintina;Moreno;Provincia de Santiago del Estero
Weisburd;Moreno;Provincia de Santiago del Estero
El 49;Ojo de Agua;Provincia de Santiago del Estero
Sol de Julio;Ojo de Agua;Provincia de Santiago del Estero
Villa Ojo de Agua;Ojo de Agua;Provincia de Santiago del Estero
El Mojón;Pellegrini;Provincia de Santiago del Estero
Las Delicias;Pellegrini;Provincia de Santiago del Estero
Nueva Esperanza;Pellegrini;Provincia de Santiago del Estero
Pozo Betbeder;Pellegrini;Provincia de Santiago del Estero
Rapelli;Pellegrini;Provincia de Santiago del Estero
Santo Domingo;Pellegrini;Provincia de Santiago del Estero
Ramírez de Velazco;Quebrachos;Provincia de Santiago del Estero
Sumampa;Quebrachos;Provincia de Santiago del Estero
Sumampa Viejo;Quebrachos;Provincia de Santiago del Estero
Chañar Pozo de Abajo;Río Hondo;Provincia de Santiago del Estero
Chauchillas;Río Hondo;Provincia de Santiago del Estero
Colonia Tinco;Río Hondo;Provincia de Santiago del Estero
El Charco;Río Hondo;Provincia de Santiago del Estero
Gramilla;Río Hondo;Provincia de Santiago del Estero
La Nueva Donosa;Río Hondo;Provincia de Santiago del Estero
Los Miranda;Río Hondo;Provincia de Santiago del Estero
Los Núñez;Río Hondo;Provincia de Santiago del Estero
Mansupa;Río Hondo;Provincia de Santiago del Estero
Pozuelos;Río Hondo;Provincia de Santiago del Estero
Rodeo de Valdez;Río Hondo;Provincia de Santiago del Estero
Sauzal;Río Hondo;Provincia de Santiago del Estero
Termas de Río Hondo ;Río Hondo;Provincia de Santiago del Estero
Villa Giménez;Río Hondo;Provincia de Santiago del Estero
Villa Río Hondo;Río Hondo;Provincia de Santiago del Estero
Villa Turística del Embalse;Río Hondo;Provincia de Santiago del Estero
Vinará;Río Hondo;Provincia de Santiago del Estero
Colonia Alpina;Rivadavia;Provincia de Santiago del Estero
Palo Negro;Rivadavia;Provincia de Santiago del Estero
Selva;Rivadavia;Provincia de Santiago del Estero
Beltrán;Robles;Provincia de Santiago del Estero
Colonia El Simbolar;Robles;Provincia de Santiago del Estero
Fernández;Robles;Provincia de Santiago del Estero
Ingeniero Forres (Est. Chaguar Punco);Robles;Provincia de Santiago del Estero
Vilmer;Robles;Provincia de Santiago del Estero
Chilca Juliana;Salavina;Provincia de Santiago del Estero
Los Telares;Salavina;Provincia de Santiago del Estero
Villa Salavina ;Salavina;Provincia de Santiago del Estero
Brea Pozo;San Martín;Provincia de Santiago del Estero
Estación Robles;San Martín;Provincia de Santiago del Estero
Estación Taboada;San Martín;Provincia de Santiago del Estero
Villa Nueva;San Martín;Provincia de Santiago del Estero
Garza;Sarmiento;Provincia de Santiago del Estero
Árraga;Silípica;Provincia de Santiago del Estero
Nueva Francia;Silípica;Provincia de Santiago del Estero
Simbol;Silípica;Provincia de Santiago del Estero
Sumamao;Silípica;Provincia de Santiago del Estero
Villa Silípica;Silípica;Provincia de Santiago del Estero
Barrio San Jorge;Burruyacú;Provincia de Tucumán
El Chañar;Burruyacú;Provincia de Tucumán
El Naranjo;Burruyacú;Provincia de Tucumán
Garmendia ;Burruyacú;Provincia de Tucumán
La Ramada;Burruyacú;Provincia de Tucumán
Macomitas;Burruyacú;Provincia de Tucumán
Piedrabuena;Burruyacú;Provincia de Tucumán
"7 de Abril";Burruyacú;Provincia de Tucumán
Villa Benjamín Aráoz;Burruyacú;Provincia de Tucumán
Villa Burruyacú;Burruyacú;Provincia de Tucumán
Villa  Padre Monti;Burruyacú;Provincia de Tucumán
Alderetes;Cruz Alta;Provincia de Tucumán
Banda del Río Salí;Cruz Alta;Provincia de Tucumán
Barrio Aeropuerto;Cruz Alta;Provincia de Tucumán
Colombres;Cruz Alta;Provincia de Tucumán
Colonia Mayo - Barrio La Milagrosa;Cruz Alta;Provincia de Tucumán
Delfín Gallo;Cruz Alta;Provincia de Tucumán
El Bracho;Cruz Alta;Provincia de Tucumán
La Florida;Cruz Alta;Provincia de Tucumán
Las Cejas;Cruz Alta;Provincia de Tucumán
Los Ralos ;Cruz Alta;Provincia de Tucumán
Pacará;Cruz Alta;Provincia de Tucumán
Ranchillos;Cruz Alta;Provincia de Tucumán
San Andrés;Cruz Alta;Provincia de Tucumán
Alpachiri;Chicligasta;Provincia de Tucumán
Alto Verde;Chicligasta;Provincia de Tucumán
Arcadia;Chicligasta;Provincia de Tucumán
Barrio San Roque;Chicligasta;Provincia de Tucumán
Concepción;Chicligasta;Provincia de Tucumán
Iltico;Chicligasta;Provincia de Tucumán
La Trinidad;Chicligasta;Provincia de Tucumán
Medina;Chicligasta;Provincia de Tucumán
Barrio Casa Rosada;Famaillá;Provincia de Tucumán
Campo de Herrera;Famaillá;Provincia de Tucumán
Famaillá ;Famaillá;Provincia de Tucumán
Ingenio Fronterita;Famaillá;Provincia de Tucumán
Graneros;Graneros;Provincia de Tucumán
Lamadrid ;Graneros;Provincia de Tucumán
Taco Ralo;Graneros;Provincia de Tucumán
Juan Bautista Alberdi;Juan Bautista Alberdi;Provincia de Tucumán
Villa Belgrano;Juan Bautista Alberdi;Provincia de Tucumán
La Cocha;La Cocha;Provincia de Tucumán
San José de La Cocha;La Cocha;Provincia de Tucumán
Bella Vista;Leales;Provincia de Tucumán
Estación Aráoz;Leales;Provincia de Tucumán
Los Puestos;Leales;Provincia de Tucumán
Manuel García Fernández ;Leales;Provincia de Tucumán
Pala Pala;Leales;Provincia de Tucumán
Río Colorado;Leales;Provincia de Tucumán
Santa Rosa de Leales;Leales;Provincia de Tucumán
Villa Fiad - Ingenio Leales;Leales;Provincia de Tucumán
Villa Leales;Leales;Provincia de Tucumán
Barrio San Felipe;Lules;Provincia de Tucumán
El Manantial;Lules;Provincia de Tucumán
Ingenio San Pablo;Lules;Provincia de Tucumán
La Reducción;Lules;Provincia de Tucumán
Lules;Lules;Provincia de Tucumán
Acheral;Monteros;Provincia de Tucumán
Capitán Cáceres;Monteros;Provincia de Tucumán
Monteros;Monteros;Provincia de Tucumán
Pueblo Independencia;Monteros;Provincia de Tucumán
Río Seco;Monteros;Provincia de Tucumán
Santa Lucía ;Monteros;Provincia de Tucumán
Sargento Moya;Monteros;Provincia de Tucumán
Soldado Maldonado;Monteros;Provincia de Tucumán
Teniente Berdina;Monteros;Provincia de Tucumán
Villa Quinteros;Monteros;Provincia de Tucumán
Aguilares ;Río Chico;Provincia de Tucumán
Los Sarmientos;Río Chico;Provincia de Tucumán
Río Chico;Río Chico;Provincia de Tucumán
Santa Ana ;Río Chico;Provincia de Tucumán
Villa Clodomiro Hileret ;Río Chico;Provincia de Tucumán
San Miguel de Tucumán (Est. Tucumán);Capital;Provincia de Tucumán
Atahona;Simoca;Provincia de Tucumán
Monteagudo;Simoca;Provincia de Tucumán
Nueva Trinidad;Simoca;Provincia de Tucumán
Santa Cruz;Simoca;Provincia de Tucumán
Simoca;Simoca;Provincia de Tucumán
Villa Chicligasta;Simoca;Provincia de Tucumán
Amaicha del Valle;Tafí del Valle;Provincia de Tucumán
Colalao del Valle;Tafí del Valle;Provincia de Tucumán
El Mollar;Tafí del Valle;Provincia de Tucumán
Tafí del Valle;Tafí del Valle;Provincia de Tucumán
Barrio El Cruce;Tafí Viejo;Provincia de Tucumán
Barrio Lomas de Tafí;Tafí Viejo;Provincia de Tucumán
Barrio Mutual San Martín;Tafí Viejo;Provincia de Tucumán
Barrio Parada 14;Tafí Viejo;Provincia de Tucumán
Barrio U.T.A. II;Tafí Viejo;Provincia de Tucumán
Diagonal Norte - Luz y Fuerza - Los Pocitos - Villa Nueva Italia;Tafí Viejo;Provincia de Tucumán
El Cadillal;Tafí Viejo;Provincia de Tucumán
Tafí Viejo;Tafí Viejo;Provincia de Tucumán
Villa Las Flores;Tafí Viejo;Provincia de Tucumán
Villa Mariano Moreno - El Colmenar ;Tafí Viejo;Provincia de Tucumán
Choromoro;Trancas;Provincia de Tucumán
San Pedro de Colalao;Trancas;Provincia de Tucumán
Villa de Trancas;Trancas;Provincia de Tucumán
Barrio San José III;Yerba Buena;Provincia de Tucumán
Villa Carmela;Yerba Buena;Provincia de Tucumán
Yerba Buena - Marcos Paz;Yerba Buena;Provincia de Tucumán
Sin Localidades;Islas del Atlántico Sur;Provincia de Tierra del Fuego, Antártida e Islas del Atlántico Sur
Sin Localidades;Antártida Argentina;Provincia de Tierra del Fuego, Antártida e Islas del Atlántico Sur
Quili Malal;Picunches;Provincia del Neuquén
Los Muchachos - La Alborada;Rosario;Provincia de Santa Fe
Río Grande;Río Grande;Provincia de Tierra del Fuego, Antártida e Islas del Atlántico Sur
Tolhuin;Río Grande;Provincia de Tierra del Fuego, Antártida e Islas del Atlántico Sur
Laguna Escondida;Ushuaia;Provincia de Tierra del Fuego, Antártida e Islas del Atlántico Sur
Ushuaia;Ushuaia;Provincia de Tierra del Fuego, Antártida e Islas del Atlántico Sur
